tweetDate,twitterId,handle,text,profileUser,name,tweetLink,timestamp,query,type,isReply,replyTo,initialTweet
Fri Nov 29 10:07:14 +0000 2019,1337150378,g0vtw,"RT @chihaoyo: Hosted by @g0vtw, a second â€œFacing the Oceanâ€ is going to be hosted in #Tainan, food paradise of #Taiwan. People of the oceanâ€¦",https://twitter.com/g0vtw,g0v.tw | å°ç£é›¶æ™‚æ”¿åºœ,https://twitter.com/g0vtw/status/1200355530096537605,2019-12-24T08:03:06.959Z,https://twitter.com/g0vtw,tweets-replies,,,
Fri Nov 29 06:28:36 +0000 2019,18228403,chihaoyo,"Hosted by @g0vtw, a second â€œFacing the Oceanâ€ is going to be hosted in #Tainan, food paradise of #Taiwan. People of the oceans, come join us in December for a weekend of hacking and eating and making friends ğŸ» https://t.co/kl4JiBoS9h #codeForBeefSoup #codeForBraisedPorkRice",https://twitter.com/chihaoyo,æ¸¸çŸ¥æ¾”,https://twitter.com/chihaoyo/status/1200300507710967810,2019-12-24T08:03:06.959Z,https://twitter.com/g0vtw,tweets-replies,,,
Mon Nov 25 08:55:57 +0000 2019,1337150378,g0vtw,g0v Hackathon's first time in TAINAN CITY! g0v-hackath37n is open to register now: https://t.co/s7zcqVrYUs https://t.co/yr0Ein1vR4,https://twitter.com/g0vtw,g0v.tw | å°ç£é›¶æ™‚æ”¿åºœ,https://twitter.com/g0vtw/status/1198888037813342208,2019-12-24T08:03:06.959Z,https://twitter.com/g0vtw,tweets-replies,,,
Fri Aug 23 07:10:11 +0000 2019,1337150378,g0vtw,g0v Open Taipei City Council hackath36n on SEP 07. See you soon! Link: https://t.co/yztR2pm5jI #g0v #hackathon #g0vjothon https://t.co/9VqMn9Gpl8,https://twitter.com/g0vtw,g0v.tw | å°ç£é›¶æ™‚æ”¿åºœ,https://twitter.com/g0vtw/status/1164796961561575425,2019-12-24T08:03:06.959Z,https://twitter.com/g0vtw,tweets-replies,,,
Wed Jul 10 08:23:16 +0000 2019,1337150378,g0vtw,TONIGHT! Get your @coscup 2019 ticket for g0v's track. Normal registration: 7/10 20:00 (+8) https://t.co/m8gQJXBBfx https://t.co/BzFavqbLYV,https://twitter.com/g0vtw,g0v.tw | å°ç£é›¶æ™‚æ”¿åºœ,https://twitter.com/g0vtw/status/1148870290417451008,2019-12-24T08:03:06.959Z,https://twitter.com/g0vtw,tweets-replies,,,
Thu Jul 04 09:17:50 +0000 2019,1337150378,g0vtw,"RT @code4ca: A #civictech collaboration across borders: @CodeforAll looks at how @parti_coop (South Korea ğŸ‡°ğŸ‡·), @codeforJP (Japan ğŸ‡¯ğŸ‡µ), and @â€¦",https://twitter.com/g0vtw,g0v.tw | å°ç£é›¶æ™‚æ”¿åºœ,https://twitter.com/g0vtw/status/1146709693793832960,2019-12-24T08:03:06.959Z,https://twitter.com/g0vtw,tweets-replies,,,
Wed Jul 03 22:25:05 +0000 2019,1140507684,code4ca,"A #civictech collaboration across borders: @CodeforAll looks at how @parti_coop (South Korea ğŸ‡°ğŸ‡·), @codeforJP (Japan ğŸ‡¯ğŸ‡µ), and @g0vtw (Taiwan ğŸ‡¹ğŸ‡¼) worked together to host the Meet&amp;Hack hackathon in Okinawa.

https://t.co/nan3UNzLY5 https://t.co/U42hlljwbL",https://twitter.com/code4ca,Code for Canada ğŸ‡¨ğŸ‡¦,https://twitter.com/code4ca/status/1146545422439243777,2019-12-24T08:03:06.959Z,https://twitter.com/g0vtw,tweets-replies,,,
Mon Jun 03 12:03:43 +0000 2019,1337150378,g0vtw,Powered by g0v: https://t.co/CDCWY0Q6rz Congratulations! The website launched officially! #g0vGrant #TaiwaneseinUS @ACTtaiwan https://t.co/QNZEAtt8MS,https://twitter.com/g0vtw,g0v.tw | å°ç£é›¶æ™‚æ”¿åºœ,https://twitter.com/g0vtw/status/1135517416320974848,2019-12-24T08:03:06.959Z,https://twitter.com/g0vtw,tweets-replies,,,
Sun Jun 02 15:53:56 +0000 2019,1337150378,g0vtw,"RT @Martin_Jordan: For inclusion and participation:
At the @g0vtw 2018 summit, talks were live translated into Chinese, Japanese, Spanish &amp;â€¦",https://twitter.com/g0vtw,g0v.tw | å°ç£é›¶æ™‚æ”¿åºœ,https://twitter.com/g0vtw/status/1135212963198001152,2019-12-24T08:03:06.959Z,https://twitter.com/g0vtw,tweets-replies,,,
Fri May 31 22:31:06 +0000 2019,2511321,Martin_Jordan,"For inclusion and participation:
At the @g0vtw 2018 summit, talks were live translated into Chinese, Japanese, Spanish &amp; written instant translations into 12 other languages were offered. Thatâ€™s a new benchmark for #govdesign conferences
â€”@thebestsophist reports at #decolonizecfa https://t.co/uYegmvRYEp",https://twitter.com/Martin_Jordan,Martin Jordan ğŸŒˆğŸŒâŒ›ï¸,https://twitter.com/Martin_Jordan/status/1134588139467448320,2019-12-24T08:03:06.959Z,https://twitter.com/g0vtw,tweets-replies,,,
Wed May 29 06:07:09 +0000 2019,1337150378,g0vtw,RT @aaronwytze: How can Taiwan deal with #disinformation on social media? @g0vtw's #CoFacts might have the answer. Their team is using a boâ€¦,https://twitter.com/g0vtw,g0v.tw | å°ç£é›¶æ™‚æ”¿åºœ,https://twitter.com/g0vtw/status/1133615741725372417,2019-12-24T08:03:06.959Z,https://twitter.com/g0vtw,tweets-replies,,,
Tue May 28 23:52:30 +0000 2019,2934717504,aaronwytze,How can Taiwan deal with #disinformation on social media? @g0vtw's #CoFacts might have the answer. Their team is using a bot to collect an open source database of #fakenews items. (the only #opensource database of its kind) https://t.co/RxJDNDQv2c,https://twitter.com/aaronwytze,Aaron Wytze,https://twitter.com/aaronwytze/status/1133521459018645504,2019-12-24T08:03:06.959Z,https://twitter.com/g0vtw,tweets-replies,,,
Tue May 28 10:14:23 +0000 2019,1337150378,g0vtw,"g0v Hackath34n @ C-Lab, Taipei, Taiwan | Photo: CC BY https://t.co/kCSUMdoEVk https://t.co/IqVQVjrqJw",https://twitter.com/g0vtw,g0v.tw | å°ç£é›¶æ™‚æ”¿åºœ,https://twitter.com/g0vtw/status/1133315575411748864,2019-12-24T08:03:06.959Z,https://twitter.com/g0vtw,tweets-replies,,,
Sat May 25 18:01:26 +0000 2019,1337150378,g0vtw,"RT @CNN: Today, Taiwan celebrates the first same-sex weddings in Asia. As of 10 am local time, 166 same-sex couples had already registeredâ€¦",https://twitter.com/g0vtw,g0v.tw | å°ç£é›¶æ™‚æ”¿åºœ,https://twitter.com/g0vtw/status/1132345948602920960,2019-12-24T08:03:06.959Z,https://twitter.com/g0vtw,tweets-replies,,,
Sat May 25 17:59:04 +0000 2019,1337150378,g0vtw,"å—¨ï¼Œæˆ‘å€‘çš„ç¤¾ç¾¤è­°ç¨‹å‡ºä¾†å›‰ï¼Œæ­¡è¿ä½  8/17-18 ä¾† #COSCUP åƒåŠ  g0vçš„ç¤¾ç¾¤è­°ç¨‹
https://t.co/Nl0FwiMbT9 #opensource #opengovernment",https://twitter.com/g0vtw,g0v.tw | å°ç£é›¶æ™‚æ”¿åºœ,https://twitter.com/g0vtw/status/1132345350566531072,2019-12-24T08:03:06.959Z,https://twitter.com/g0vtw,tweets-replies,,,
Fri May 24 06:21:49 +0000 2019,759251,CNN,"Today, Taiwan celebrates the first same-sex weddings in Asia. As of 10 am local time, 166 same-sex couples had already registered their marriages https://t.co/490DZtmbuj https://t.co/OOnKr4Bknh",https://twitter.com/CNN,CNN,https://twitter.com/CNN/status/1131807494156836865,2019-12-24T08:03:06.959Z,https://twitter.com/g0vtw,tweets-replies,,,
Fri May 17 12:00:22 +0000 2019,1337150378,g0vtw,"How to pronounce ""rainbow"" in Taiwanese? #iTaigi: https://t.co/fdaUvcXvZx #Taiwan #SameSexMarriage #EqualityForAll https://t.co/eqcgo3vu9S",https://twitter.com/g0vtw,g0v.tw | å°ç£é›¶æ™‚æ”¿åºœ,https://twitter.com/g0vtw/status/1129355977482838016,2019-12-24T08:03:06.959Z,https://twitter.com/g0vtw,tweets-replies,,,
Thu May 16 08:21:23 +0000 2019,1337150378,g0vtw,"ä»Šå¹´ g0v æœ‰ç”³è«‹ COSCUP çš„ç¤¾ç¾¤è­°ç¨‹å–”ï¼è‡ªå·±çš„è­°ç¨‹è‡ªå·±é¸ï¼Œå¿«é»é€²ä¾†é¸ä½ ä»Šå¹´æƒ³è½çš„è­°ç¨‹å§ï¼è©³ç´°æŠ•ç¥¨èªªæ˜è¦‹æ–‡ä»¶

https://t.co/2OcJ6tkblx",https://twitter.com/g0vtw,g0v.tw | å°ç£é›¶æ™‚æ”¿åºœ,https://twitter.com/g0vtw/status/1128938480338231296,2019-12-24T08:03:06.959Z,https://twitter.com/g0vtw,tweets-replies,,,
Sun May 12 14:24:24 +0000 2019,1337150378,g0vtw,"Isabel Hou, member of g0v jothon &amp; g0v intl. https://t.co/P0l3ujeYQn",https://twitter.com/g0vtw,g0v.tw | å°ç£é›¶æ™‚æ”¿åºœ,https://twitter.com/g0vtw/status/1127580287456514048,2019-12-24T08:03:06.959Z,https://twitter.com/g0vtw,tweets-replies,,,
Fri May 10 11:20:14 +0000 2019,15996534,mySociety,"You get three unique perspectives from three very different projects in this #TICTeC session. Hear the fascinating stories of activists in Taiwan &amp; Germany, and mySociety's own experience from the UK: https://t.co/1gCi0GhTtq #CivicTech @g0vtw @okfde https://t.co/YkgPuejpzo",https://twitter.com/mySociety,mySociety,https://twitter.com/mySociety/status/1126809165618348032,2019-12-24T08:03:06.959Z,https://twitter.com/g0vtw,tweets-replies,,,
Thu May 09 08:11:10 +0000 2019,1337150378,g0vtw,Hi @audreyt ! https://t.co/QZ0l8jmmNs,https://twitter.com/g0vtw,g0v.tw | å°ç£é›¶æ™‚æ”¿åºœ,https://twitter.com/g0vtw/status/1126399195286368256,2019-12-24T08:03:06.959Z,https://twitter.com/g0vtw,tweets-replies,,,
Wed May 08 10:10:40 +0000 2019,2565216798,tarekabdelal,"Think #GovTech is a myth? @audreyt at #rp19 proves you wrong: #Taiwan is championing #EthicalHacking for good, such as @g0vtw, where each govâ€™ website has a more human-centered shadow page to make the content more accessible. Anyone wanna move to TW with me? https://t.co/pCtI9nmJkf",https://twitter.com/tarekabdelal,Tarek Mohamed Hassan | éŸ“ç¿æ˜,https://twitter.com/tarekabdelal/status/1126066882480676864,2019-12-24T08:03:06.959Z,https://twitter.com/g0vtw,tweets-replies,,,
Wed May 08 08:16:13 +0000 2019,1337150378,g0vtw,"g0v jothon are hiring, welcome to join the team of g0v hackathon organizers! JD here: https://t.co/wESIp2j97P #HiringNow #g0vjothon",https://twitter.com/g0vtw,g0v.tw | å°ç£é›¶æ™‚æ”¿åºœ,https://twitter.com/g0vtw/status/1126038079683227648,2019-12-24T08:03:06.959Z,https://twitter.com/g0vtw,tweets-replies,,,
Wed May 08 07:38:47 +0000 2019,1337150378,g0vtw,RT @pm5: We founded #g0vintl because we want a better way to coordinate international involvements of the community. We want it to be moreâ€¦,https://twitter.com/g0vtw,g0v.tw | å°ç£é›¶æ™‚æ”¿åºœ,https://twitter.com/g0vtw/status/1126028657091153920,2019-12-24T08:03:06.959Z,https://twitter.com/g0vtw,tweets-replies,,,
Tue May 07 08:57:50 +0000 2019,7074432,pm5,"We founded #g0vintl because we want a better way to coordinate international involvements of the community. We want it to be more open, accountable, and as a result more empowering. These are the core values of #g0v https://t.co/wM4M0UWNyG",https://twitter.com/pm5,Pomin Wu,https://twitter.com/pm5/status/1125686165217013760,2019-12-24T08:03:06.959Z,https://twitter.com/g0vtw,tweets-replies,,,
Mon May 06 08:52:24 +0000 2019,1337150378,g0vtw,Join us for the next g0v's hackathon on May 25. Register here: https://t.co/R4nM9Almd6 Can you guess where are we host the hackathon this time? #g0v #ReOpen #culture https://t.co/Sb9XQGhU3X,https://twitter.com/g0vtw,g0v.tw | å°ç£é›¶æ™‚æ”¿åºœ,https://twitter.com/g0vtw/status/1125322411308605441,2019-12-24T08:03:06.959Z,https://twitter.com/g0vtw,tweets-replies,,,
Wed Apr 24 08:59:18 +0000 2019,1337150378,g0vtw,"Meet us civic hackers from Japan, Korea, and Taiwan in Okinawa City at Jun 8-9! #meetandhack19 #g0v #codeforjapan @parti_coop https://t.co/i550Pe6w4O",https://twitter.com/g0vtw,g0v.tw | å°ç£é›¶æ™‚æ”¿åºœ,https://twitter.com/g0vtw/status/1120975491442204672,2019-12-24T08:03:06.959Z,https://twitter.com/g0vtw,tweets-replies,,,
Fri Nov 29 10:07:14 +0000 2019,1337150378,g0vtw,"RT @chihaoyo: Hosted by @g0vtw, a second â€œFacing the Oceanâ€ is going to be hosted in #Tainan, food paradise of #Taiwan. People of the oceanâ€¦",https://twitter.com/g0vtw,g0v.tw | å°ç£é›¶æ™‚æ”¿åºœ,https://twitter.com/g0vtw/status/1200355530096537605,2019-12-24T08:03:06.959Z,https://twitter.com/g0vtw,tweets-replies,,,
Fri Nov 29 06:28:36 +0000 2019,18228403,chihaoyo,"Hosted by @g0vtw, a second â€œFacing the Oceanâ€ is going to be hosted in #Tainan, food paradise of #Taiwan. People of the oceans, come join us in December for a weekend of hacking and eating and making friends ğŸ» https://t.co/kl4JiBoS9h #codeForBeefSoup #codeForBraisedPorkRice",https://twitter.com/chihaoyo,æ¸¸çŸ¥æ¾”,https://twitter.com/chihaoyo/status/1200300507710967810,2019-12-24T08:03:06.959Z,https://twitter.com/g0vtw,tweets-replies,,,
Mon Nov 25 08:55:57 +0000 2019,1337150378,g0vtw,g0v Hackathon's first time in TAINAN CITY! g0v-hackath37n is open to register now: https://t.co/s7zcqVrYUs https://t.co/yr0Ein1vR4,https://twitter.com/g0vtw,g0v.tw | å°ç£é›¶æ™‚æ”¿åºœ,https://twitter.com/g0vtw/status/1198888037813342208,2019-12-24T08:03:06.959Z,https://twitter.com/g0vtw,tweets-replies,,,
Fri Aug 23 07:10:11 +0000 2019,1337150378,g0vtw,g0v Open Taipei City Council hackath36n on SEP 07. See you soon! Link: https://t.co/yztR2pm5jI #g0v #hackathon #g0vjothon https://t.co/9VqMn9Gpl8,https://twitter.com/g0vtw,g0v.tw | å°ç£é›¶æ™‚æ”¿åºœ,https://twitter.com/g0vtw/status/1164796961561575425,2019-12-24T08:03:06.959Z,https://twitter.com/g0vtw,tweets-replies,,,
Wed Jul 10 08:23:16 +0000 2019,1337150378,g0vtw,TONIGHT! Get your @coscup 2019 ticket for g0v's track. Normal registration: 7/10 20:00 (+8) https://t.co/m8gQJXBBfx https://t.co/BzFavqbLYV,https://twitter.com/g0vtw,g0v.tw | å°ç£é›¶æ™‚æ”¿åºœ,https://twitter.com/g0vtw/status/1148870290417451008,2019-12-24T08:03:06.959Z,https://twitter.com/g0vtw,tweets-replies,,,
Thu Jul 04 09:17:50 +0000 2019,1337150378,g0vtw,"RT @code4ca: A #civictech collaboration across borders: @CodeforAll looks at how @parti_coop (South Korea ğŸ‡°ğŸ‡·), @codeforJP (Japan ğŸ‡¯ğŸ‡µ), and @â€¦",https://twitter.com/g0vtw,g0v.tw | å°ç£é›¶æ™‚æ”¿åºœ,https://twitter.com/g0vtw/status/1146709693793832960,2019-12-24T08:03:06.959Z,https://twitter.com/g0vtw,tweets-replies,,,
Wed Jul 03 22:25:05 +0000 2019,1140507684,code4ca,"A #civictech collaboration across borders: @CodeforAll looks at how @parti_coop (South Korea ğŸ‡°ğŸ‡·), @codeforJP (Japan ğŸ‡¯ğŸ‡µ), and @g0vtw (Taiwan ğŸ‡¹ğŸ‡¼) worked together to host the Meet&amp;Hack hackathon in Okinawa.

https://t.co/nan3UNzLY5 https://t.co/U42hlljwbL",https://twitter.com/code4ca,Code for Canada ğŸ‡¨ğŸ‡¦,https://twitter.com/code4ca/status/1146545422439243777,2019-12-24T08:03:06.959Z,https://twitter.com/g0vtw,tweets-replies,,,
Mon Jun 03 12:03:43 +0000 2019,1337150378,g0vtw,Powered by g0v: https://t.co/CDCWY0Q6rz Congratulations! The website launched officially! #g0vGrant #TaiwaneseinUS @ACTtaiwan https://t.co/QNZEAtt8MS,https://twitter.com/g0vtw,g0v.tw | å°ç£é›¶æ™‚æ”¿åºœ,https://twitter.com/g0vtw/status/1135517416320974848,2019-12-24T08:03:06.959Z,https://twitter.com/g0vtw,tweets-replies,,,
Sun Jun 02 15:53:56 +0000 2019,1337150378,g0vtw,"RT @Martin_Jordan: For inclusion and participation:
At the @g0vtw 2018 summit, talks were live translated into Chinese, Japanese, Spanish &amp;â€¦",https://twitter.com/g0vtw,g0v.tw | å°ç£é›¶æ™‚æ”¿åºœ,https://twitter.com/g0vtw/status/1135212963198001152,2019-12-24T08:03:06.959Z,https://twitter.com/g0vtw,tweets-replies,,,
Fri May 31 22:31:06 +0000 2019,2511321,Martin_Jordan,"For inclusion and participation:
At the @g0vtw 2018 summit, talks were live translated into Chinese, Japanese, Spanish &amp; written instant translations into 12 other languages were offered. Thatâ€™s a new benchmark for #govdesign conferences
â€”@thebestsophist reports at #decolonizecfa https://t.co/uYegmvRYEp",https://twitter.com/Martin_Jordan,Martin Jordan ğŸŒˆğŸŒâŒ›ï¸,https://twitter.com/Martin_Jordan/status/1134588139467448320,2019-12-24T08:03:06.959Z,https://twitter.com/g0vtw,tweets-replies,,,
Wed May 29 06:07:09 +0000 2019,1337150378,g0vtw,RT @aaronwytze: How can Taiwan deal with #disinformation on social media? @g0vtw's #CoFacts might have the answer. Their team is using a boâ€¦,https://twitter.com/g0vtw,g0v.tw | å°ç£é›¶æ™‚æ”¿åºœ,https://twitter.com/g0vtw/status/1133615741725372417,2019-12-24T08:03:06.959Z,https://twitter.com/g0vtw,tweets-replies,,,
Tue May 28 23:52:30 +0000 2019,2934717504,aaronwytze,How can Taiwan deal with #disinformation on social media? @g0vtw's #CoFacts might have the answer. Their team is using a bot to collect an open source database of #fakenews items. (the only #opensource database of its kind) https://t.co/RxJDNDQv2c,https://twitter.com/aaronwytze,Aaron Wytze,https://twitter.com/aaronwytze/status/1133521459018645504,2019-12-24T08:03:06.959Z,https://twitter.com/g0vtw,tweets-replies,,,
Tue May 28 10:14:23 +0000 2019,1337150378,g0vtw,"g0v Hackath34n @ C-Lab, Taipei, Taiwan | Photo: CC BY https://t.co/kCSUMdoEVk https://t.co/IqVQVjrqJw",https://twitter.com/g0vtw,g0v.tw | å°ç£é›¶æ™‚æ”¿åºœ,https://twitter.com/g0vtw/status/1133315575411748864,2019-12-24T08:03:06.959Z,https://twitter.com/g0vtw,tweets-replies,,,
Sat May 25 18:01:26 +0000 2019,1337150378,g0vtw,"RT @CNN: Today, Taiwan celebrates the first same-sex weddings in Asia. As of 10 am local time, 166 same-sex couples had already registeredâ€¦",https://twitter.com/g0vtw,g0v.tw | å°ç£é›¶æ™‚æ”¿åºœ,https://twitter.com/g0vtw/status/1132345948602920960,2019-12-24T08:03:06.959Z,https://twitter.com/g0vtw,tweets-replies,,,
Sat May 25 17:59:04 +0000 2019,1337150378,g0vtw,"å—¨ï¼Œæˆ‘å€‘çš„ç¤¾ç¾¤è­°ç¨‹å‡ºä¾†å›‰ï¼Œæ­¡è¿ä½  8/17-18 ä¾† #COSCUP åƒåŠ  g0vçš„ç¤¾ç¾¤è­°ç¨‹
https://t.co/Nl0FwiMbT9 #opensource #opengovernment",https://twitter.com/g0vtw,g0v.tw | å°ç£é›¶æ™‚æ”¿åºœ,https://twitter.com/g0vtw/status/1132345350566531072,2019-12-24T08:03:06.959Z,https://twitter.com/g0vtw,tweets-replies,,,
Fri May 24 06:21:49 +0000 2019,759251,CNN,"Today, Taiwan celebrates the first same-sex weddings in Asia. As of 10 am local time, 166 same-sex couples had already registered their marriages https://t.co/490DZtmbuj https://t.co/OOnKr4Bknh",https://twitter.com/CNN,CNN,https://twitter.com/CNN/status/1131807494156836865,2019-12-24T08:03:06.959Z,https://twitter.com/g0vtw,tweets-replies,,,
Fri May 17 12:00:22 +0000 2019,1337150378,g0vtw,"How to pronounce ""rainbow"" in Taiwanese? #iTaigi: https://t.co/fdaUvcXvZx #Taiwan #SameSexMarriage #EqualityForAll https://t.co/eqcgo3vu9S",https://twitter.com/g0vtw,g0v.tw | å°ç£é›¶æ™‚æ”¿åºœ,https://twitter.com/g0vtw/status/1129355977482838016,2019-12-24T08:03:06.959Z,https://twitter.com/g0vtw,tweets-replies,,,
Thu May 16 08:21:23 +0000 2019,1337150378,g0vtw,"ä»Šå¹´ g0v æœ‰ç”³è«‹ COSCUP çš„ç¤¾ç¾¤è­°ç¨‹å–”ï¼è‡ªå·±çš„è­°ç¨‹è‡ªå·±é¸ï¼Œå¿«é»é€²ä¾†é¸ä½ ä»Šå¹´æƒ³è½çš„è­°ç¨‹å§ï¼è©³ç´°æŠ•ç¥¨èªªæ˜è¦‹æ–‡ä»¶

https://t.co/2OcJ6tkblx",https://twitter.com/g0vtw,g0v.tw | å°ç£é›¶æ™‚æ”¿åºœ,https://twitter.com/g0vtw/status/1128938480338231296,2019-12-24T08:03:06.959Z,https://twitter.com/g0vtw,tweets-replies,,,
Sun May 12 14:24:24 +0000 2019,1337150378,g0vtw,"Isabel Hou, member of g0v jothon &amp; g0v intl. https://t.co/P0l3ujeYQn",https://twitter.com/g0vtw,g0v.tw | å°ç£é›¶æ™‚æ”¿åºœ,https://twitter.com/g0vtw/status/1127580287456514048,2019-12-24T08:03:06.959Z,https://twitter.com/g0vtw,tweets-replies,,,
Fri May 10 11:20:14 +0000 2019,15996534,mySociety,"You get three unique perspectives from three very different projects in this #TICTeC session. Hear the fascinating stories of activists in Taiwan &amp; Germany, and mySociety's own experience from the UK: https://t.co/1gCi0GhTtq #CivicTech @g0vtw @okfde https://t.co/YkgPuejpzo",https://twitter.com/mySociety,mySociety,https://twitter.com/mySociety/status/1126809165618348032,2019-12-24T08:03:06.959Z,https://twitter.com/g0vtw,tweets-replies,,,
Thu May 09 08:11:10 +0000 2019,1337150378,g0vtw,Hi @audreyt ! https://t.co/QZ0l8jmmNs,https://twitter.com/g0vtw,g0v.tw | å°ç£é›¶æ™‚æ”¿åºœ,https://twitter.com/g0vtw/status/1126399195286368256,2019-12-24T08:03:06.959Z,https://twitter.com/g0vtw,tweets-replies,,,
Wed May 08 10:10:40 +0000 2019,2565216798,tarekabdelal,"Think #GovTech is a myth? @audreyt at #rp19 proves you wrong: #Taiwan is championing #EthicalHacking for good, such as @g0vtw, where each govâ€™ website has a more human-centered shadow page to make the content more accessible. Anyone wanna move to TW with me? https://t.co/pCtI9nmJkf",https://twitter.com/tarekabdelal,Tarek Mohamed Hassan | éŸ“ç¿æ˜,https://twitter.com/tarekabdelal/status/1126066882480676864,2019-12-24T08:03:06.959Z,https://twitter.com/g0vtw,tweets-replies,,,
Wed May 08 08:16:13 +0000 2019,1337150378,g0vtw,"g0v jothon are hiring, welcome to join the team of g0v hackathon organizers! JD here: https://t.co/wESIp2j97P #HiringNow #g0vjothon",https://twitter.com/g0vtw,g0v.tw | å°ç£é›¶æ™‚æ”¿åºœ,https://twitter.com/g0vtw/status/1126038079683227648,2019-12-24T08:03:06.959Z,https://twitter.com/g0vtw,tweets-replies,,,
Wed May 08 07:38:47 +0000 2019,1337150378,g0vtw,RT @pm5: We founded #g0vintl because we want a better way to coordinate international involvements of the community. We want it to be moreâ€¦,https://twitter.com/g0vtw,g0v.tw | å°ç£é›¶æ™‚æ”¿åºœ,https://twitter.com/g0vtw/status/1126028657091153920,2019-12-24T08:03:06.959Z,https://twitter.com/g0vtw,tweets-replies,,,
Tue May 07 08:57:50 +0000 2019,7074432,pm5,"We founded #g0vintl because we want a better way to coordinate international involvements of the community. We want it to be more open, accountable, and as a result more empowering. These are the core values of #g0v https://t.co/wM4M0UWNyG",https://twitter.com/pm5,Pomin Wu,https://twitter.com/pm5/status/1125686165217013760,2019-12-24T08:03:06.959Z,https://twitter.com/g0vtw,tweets-replies,,,
Mon May 06 08:52:24 +0000 2019,1337150378,g0vtw,Join us for the next g0v's hackathon on May 25. Register here: https://t.co/R4nM9Almd6 Can you guess where are we host the hackathon this time? #g0v #ReOpen #culture https://t.co/Sb9XQGhU3X,https://twitter.com/g0vtw,g0v.tw | å°ç£é›¶æ™‚æ”¿åºœ,https://twitter.com/g0vtw/status/1125322411308605441,2019-12-24T08:03:06.959Z,https://twitter.com/g0vtw,tweets-replies,,,
Wed Apr 24 08:59:18 +0000 2019,1337150378,g0vtw,"Meet us civic hackers from Japan, Korea, and Taiwan in Okinawa City at Jun 8-9! #meetandhack19 #g0v #codeforjapan @parti_coop https://t.co/i550Pe6w4O",https://twitter.com/g0vtw,g0v.tw | å°ç£é›¶æ™‚æ”¿åºœ,https://twitter.com/g0vtw/status/1120975491442204672,2019-12-24T08:03:06.959Z,https://twitter.com/g0vtw,tweets-replies,,,
Mon Apr 22 18:21:41 +0000 2019,1337150378,g0vtw,"There are various projects in g0v community, project management is critical for developing project, therefore, we'd like to share books Producing Open Source Software @ProducingOSS by @kfogel in the #WorldReadingDay 
#OpenSource #ReadingDay",https://twitter.com/g0vtw,g0v.tw | å°ç£é›¶æ™‚æ”¿åºœ,https://twitter.com/g0vtw/status/1120392242487808002,2019-12-24T08:03:06.960Z,https://twitter.com/g0vtw,tweets-replies,,,
Tue Apr 16 19:46:31 +0000 2019,1337150378,g0vtw,RT @GVAoberta: ğŸ“¸ Finaliza la reuniÃ³n de @malcarazramos y @AGomisF con representantes de @OcfTaiwan y @g0vtw en la que se han intercambiadoâ€¦,https://twitter.com/g0vtw,g0v.tw | å°ç£é›¶æ™‚æ”¿åºœ,https://twitter.com/g0vtw/status/1118239263877787648,2019-12-24T08:03:06.960Z,https://twitter.com/g0vtw,tweets-replies,,,
Sun Apr 14 15:18:53 +0000 2019,1337150378,g0vtw,"RT @mamisada: @g0vtw ã¨ @codeforJP ã§6æœˆã®facing the ocean(å°æ¹¾éŸ“å›½æ—¥æœ¬åˆåŒã‚·ãƒ“ãƒƒã‚¯ãƒ†ãƒƒã‚¯ãƒãƒƒã‚«ã‚½ãƒ³)ã®ä¸‹è¦‹ã¸æ²–ç¸„ã®ã‚³ã‚¶ã¸ã€‚è¡Œæ”¿ã‚‚ä¼æ¥­ã‚‚ã„ã‚ã‚“ãªäººã«ä¼šãˆã¦ã€6æœˆã®é–‹å‚¬ãŒæ¥½ã—ã¿ã§ãªã‚Šã¾ã›ã‚“ã€‚ã‚·ãƒ“ãƒƒã‚¯ãƒ†ãƒƒã‚¯ã«é–¢å¿ƒãŒã‚ã‚‹äººæ˜¯é6/8,â€¦",https://twitter.com/g0vtw,g0v.tw | å°ç£é›¶æ™‚æ”¿åºœ,https://twitter.com/g0vtw/status/1117447139150315521,2019-12-24T08:03:06.960Z,https://twitter.com/g0vtw,tweets-replies,,,
Sat Apr 13 11:08:25 +0000 2019,98275060,mamisada,"@g0vtw ã¨ @codeforJP ã§6æœˆã®facing the ocean(å°æ¹¾éŸ“å›½æ—¥æœ¬åˆåŒã‚·ãƒ“ãƒƒã‚¯ãƒ†ãƒƒã‚¯ãƒãƒƒã‚«ã‚½ãƒ³)ã®ä¸‹è¦‹ã¸æ²–ç¸„ã®ã‚³ã‚¶ã¸ã€‚è¡Œæ”¿ã‚‚ä¼æ¥­ã‚‚ã„ã‚ã‚“ãªäººã«ä¼šãˆã¦ã€6æœˆã®é–‹å‚¬ãŒæ¥½ã—ã¿ã§ãªã‚Šã¾ã›ã‚“ã€‚ã‚·ãƒ“ãƒƒã‚¯ãƒ†ãƒƒã‚¯ã«é–¢å¿ƒãŒã‚ã‚‹äººæ˜¯é6/8,9æ²–ç¸„ã¸ï¼ 
https://t.co/Q9pXat07TD https://t.co/agb7ID7skg",https://twitter.com/mamisada,ãŸã‘ã•ã  @ç™ºé”ã¨ç¡çœ ,https://twitter.com/mamisada/status/1117021716377554944,2019-12-24T08:03:06.960Z,https://twitter.com/g0vtw,tweets-replies,,,
Fri Apr 05 10:32:54 +0000 2019,2714022690,GVAoberta,"ğŸ“¸ Finaliza la reuniÃ³n de @malcarazramos y @AGomisF con representantes de @OcfTaiwan y @g0vtw en la que se han intercambiado experiencias en materia de #GobiernoAbierto, #Transparencia y #ParticipaciÃ³nCiudadana https://t.co/mgFZbBixff",https://twitter.com/GVAoberta,GVAoberta,https://twitter.com/GVAoberta/status/1114113677043609600,2019-12-24T08:03:06.960Z,https://twitter.com/g0vtw,tweets-replies,true,@GVAoberta,https://twitter.com/GVAoberta/status/1114097221828599808
Tue Feb 26 02:29:06 +0000 2019,1337150378,g0vtw,"What did you do recently that might upset Beijing? Well, you can come to our hackathon called ""Beijing will not approve this hackathon"" on the 9th of March ğŸ™Œ Register here: https://t.co/uXBRQ4VWlZ 
#ä¸é¡§åŒ—äº¬åå° https://t.co/7EDTYoA3lW",https://twitter.com/g0vtw,g0v.tw | å°ç£é›¶æ™‚æ”¿åºœ,https://twitter.com/g0vtw/status/1100221185462231040,2019-12-24T08:03:06.960Z,https://twitter.com/g0vtw,tweets-replies,,,
Mon Nov 26 11:55:41 +0000 2018,1337150378,g0vtw,"Join us for the next g0v's hackathon on December 8, to hack a better society with enthusiastic hackers (from coders, designers, activists, to writers, journalists, etc.)! Register here to participate in the ""Honey Limonade"" hackathon #èœ‚èœœæª¸æª¬é»‘å®¢æ¾ : https://t.co/M028nNgfcU ğŸ™Œ https://t.co/TTKIC836R1",https://twitter.com/g0vtw,g0v.tw | å°ç£é›¶æ™‚æ”¿åºœ,https://twitter.com/g0vtw/status/1067024088609128448,2019-12-24T08:03:06.960Z,https://twitter.com/g0vtw,tweets-replies,,,
Tue Oct 16 17:04:01 +0000 2018,1337150378,g0vtw,"RT @sweemeng: LOL at @g0vtw sticker. ""code from hackathon is organic, because it is full of bug!"" https://t.co/AhDqVjzCOT",https://twitter.com/g0vtw,g0v.tw | å°ç£é›¶æ™‚æ”¿åºœ,https://twitter.com/g0vtw/status/1052243779070058497,2019-12-24T08:03:06.960Z,https://twitter.com/g0vtw,tweets-replies,,,
Tue Oct 16 11:36:17 +0000 2018,11877522,sweemeng,"LOL at @g0vtw sticker. ""code from hackathon is organic, because it is full of bug!"" https://t.co/AhDqVjzCOT",https://twitter.com/sweemeng,Neurotic Codemonkey,https://twitter.com/sweemeng/status/1052161301852520448,2019-12-24T08:03:06.960Z,https://twitter.com/g0vtw,tweets-replies,,,
Tue Oct 16 09:38:11 +0000 2018,1337150378,g0vtw,A quick throwback on the #g0vSummit on Twitter ğŸ™Œ https://t.co/dRcVOwnCkK,https://twitter.com/g0vtw,g0v.tw | å°ç£é›¶æ™‚æ”¿åºœ,https://twitter.com/g0vtw/status/1052131582956339200,2019-12-24T08:03:06.960Z,https://twitter.com/g0vtw,tweets-replies,,,
Mon Oct 08 05:42:42 +0000 2018,1337150378,g0vtw,RT @mikorulez: It's a wrap. HUGE THANKS to Taiwan's @g0vtw for a very productive #g0vSummit . Till next year. https://t.co/yjKYtvSQNz,https://twitter.com/g0vtw,g0v.tw | å°ç£é›¶æ™‚æ”¿åºœ,https://twitter.com/g0vtw/status/1049173218215378945,2019-12-24T08:03:06.960Z,https://twitter.com/g0vtw,tweets-replies,,,
Sun Oct 07 09:47:15 +0000 2018,2464531009,mikorulez,It's a wrap. HUGE THANKS to Taiwan's @g0vtw for a very productive #g0vSummit . Till next year. https://t.co/yjKYtvSQNz,https://twitter.com/mikorulez,Michael Canares,https://twitter.com/mikorulez/status/1048872373921837057,2019-12-24T08:03:06.960Z,https://twitter.com/g0vtw,tweets-replies,,,
Sun Oct 07 02:59:29 +0000 2018,1337150378,g0vtw,RT @aelcenganda: Unconference now in #g0vSummit . My favorite time https://t.co/SqBIQC5h2M,https://twitter.com/g0vtw,g0v.tw | å°ç£é›¶æ™‚æ”¿åºœ,https://twitter.com/g0vtw/status/1048769754473803776,2019-12-24T08:03:06.960Z,https://twitter.com/g0vtw,tweets-replies,,,
Sun Oct 07 02:47:04 +0000 2018,759385489,aelcenganda,Unconference now in #g0vSummit . My favorite time https://t.co/SqBIQC5h2M,https://twitter.com/aelcenganda,Yun-Chen Chien,https://twitter.com/aelcenganda/status/1048766630283501569,2019-12-24T08:03:06.960Z,https://twitter.com/g0vtw,tweets-replies,,,
Sun Oct 07 02:00:29 +0000 2018,1337150378,g0vtw,"RT @ipa: How open are you? 
@HeatherLeson at #g0vSummit https://t.co/9XaFgyxaRF",https://twitter.com/g0vtw,g0v.tw | å°ç£é›¶æ™‚æ”¿åºœ,https://twitter.com/g0vtw/status/1048754908118171648,2019-12-24T08:03:06.960Z,https://twitter.com/g0vtw,tweets-replies,,,
Sun Oct 07 02:00:20 +0000 2018,1337150378,g0vtw,RT @fvntr: â€˜Governance and inclusivity is at the core of how we get openâ€™ - @HeatherLeson #g0vSummit https://t.co/QxcbVn5hZB,https://twitter.com/g0vtw,g0v.tw | å°ç£é›¶æ™‚æ”¿åºœ,https://twitter.com/g0vtw/status/1048754869819953152,2019-12-24T08:03:06.960Z,https://twitter.com/g0vtw,tweets-replies,,,
Sun Oct 07 01:59:55 +0000 2018,1337150378,g0vtw,"RT @DevinBalkind: ""If we want to open up these large institutions we need to take negotiation classes."" @HeatherLeson #g0vsummit https://t.â€¦",https://twitter.com/g0vtw,g0v.tw | å°ç£é›¶æ™‚æ”¿åºœ,https://twitter.com/g0vtw/status/1048754762831654912,2019-12-24T08:03:06.960Z,https://twitter.com/g0vtw,tweets-replies,,,
Sun Oct 07 01:59:42 +0000 2018,1337150378,g0vtw,"RT @Anasuyashh: If we're going to talk about open, I feel we need training in negotiation skills. @HeatherLeson #g0vSummit https://t.co/wMsâ€¦",https://twitter.com/g0vtw,g0v.tw | å°ç£é›¶æ™‚æ”¿åºœ,https://twitter.com/g0vtw/status/1048754710583238656,2019-12-24T08:03:06.960Z,https://twitter.com/g0vtw,tweets-replies,,,
Sun Oct 07 01:57:47 +0000 2018,1337150378,g0vtw,"""Who do we left behind?"" @HeatherLeson #g0vSummit https://t.co/34SgLAaNkb",https://twitter.com/g0vtw,g0v.tw | å°ç£é›¶æ™‚æ”¿åºœ,https://twitter.com/g0vtw/status/1048754229781782528,2019-12-24T08:03:06.960Z,https://twitter.com/g0vtw,tweets-replies,,,
Sun Oct 07 01:57:18 +0000 2018,812383935342649344,Anasuyashh,"If we're going to talk about open, I feel we need training in negotiation skills. @HeatherLeson #g0vSummit https://t.co/wMssalkVWR",https://twitter.com/Anasuyashh,Anasuya Sengupta,https://twitter.com/Anasuyashh/status/1048754107144519680,2019-12-24T08:03:06.960Z,https://twitter.com/g0vtw,tweets-replies,,,
Sun Oct 07 01:56:53 +0000 2018,20566499,DevinBalkind,"""If we want to open up these large institutions we need to take negotiation classes."" @HeatherLeson #g0vsummit https://t.co/SP5ZyFVwm2",https://twitter.com/DevinBalkind,Devin Balkind,https://twitter.com/DevinBalkind/status/1048753999845834752,2019-12-24T08:03:06.960Z,https://twitter.com/g0vtw,tweets-replies,,,
Sun Oct 07 01:52:02 +0000 2018,1524942979,fvntr,â€˜Governance and inclusivity is at the core of how we get openâ€™ - @HeatherLeson #g0vSummit https://t.co/QxcbVn5hZB,https://twitter.com/fvntr,Felipe Ventura,https://twitter.com/fvntr/status/1048752779961851905,2019-12-24T08:03:06.960Z,https://twitter.com/g0vtw,tweets-replies,,,
Sun Oct 07 01:48:52 +0000 2018,759339,ipa,"How open are you? 
@HeatherLeson at #g0vSummit https://t.co/9XaFgyxaRF",https://twitter.com/ipa,ipa,https://twitter.com/ipa/status/1048751983169953792,2019-12-24T08:03:06.960Z,https://twitter.com/g0vtw,tweets-replies,,,
Sat Oct 06 08:47:06 +0000 2018,1337150378,g0vtw,RT @patconnolly: Listening to @C_Mabi speak about risks in #civictech community at #g0vsummit: #civictech risks being absorbed by #govtechâ€¦,https://twitter.com/g0vtw,g0v.tw | å°ç£é›¶æ™‚æ”¿åºœ,https://twitter.com/g0vtw/status/1048494845860302848,2019-12-24T08:03:06.960Z,https://twitter.com/g0vtw,tweets-replies,,,
Sat Oct 06 08:41:03 +0000 2018,16501771,patconnolly,"Listening to @C_Mabi speak about risks in #civictech community at #g0vsummit: #civictech risks being absorbed by #govtech and becoming ""sponsorized citizen expression"". /1",https://twitter.com/patconnolly,#patcon,https://twitter.com/patconnolly/status/1048493325580263424,2019-12-24T08:03:06.960Z,https://twitter.com/g0vtw,tweets-replies,,,
Sat Oct 06 08:26:34 +0000 2018,1337150378,g0vtw,RT @mstem: Here's @C_Mabi's helpful mapping of civic tech: https://t.co/BoQQKGQ3WK #g0vsummit https://t.co/f2uoaamScr,https://twitter.com/g0vtw,g0v.tw | å°ç£é›¶æ™‚æ”¿åºœ,https://twitter.com/g0vtw/status/1048489680776257536,2019-12-24T08:03:06.960Z,https://twitter.com/g0vtw,tweets-replies,,,
Sat Oct 06 08:18:28 +0000 2018,1637181,mstem,Here's @C_Mabi's helpful mapping of civic tech: https://t.co/BoQQKGQ3WK #g0vsummit https://t.co/f2uoaamScr,https://twitter.com/mstem,Matt Stempeck,https://twitter.com/mstem/status/1048487640981364736,2019-12-24T08:03:06.960Z,https://twitter.com/g0vtw,tweets-replies,,,
Sat Oct 06 06:31:52 +0000 2018,1337150378,g0vtw,RT @EthanZ: Are we prepared to work across timezones and borders to defend democracy? Are we as prepared as the people who are working to sâ€¦,https://twitter.com/g0vtw,g0v.tw | å°ç£é›¶æ™‚æ”¿åºœ,https://twitter.com/g0vtw/status/1048460815941001216,2019-12-24T08:03:06.960Z,https://twitter.com/g0vtw,tweets-replies,,,
Sat Oct 06 06:25:11 +0000 2018,1051171,EthanZ,Are we prepared to work across timezones and borders to defend democracy? Are we as prepared as the people who are working to subvert democracy? @mstem at #g0vSummit,https://twitter.com/EthanZ,Ethan Zuckerman,https://twitter.com/EthanZ/status/1048459131797958656,2019-12-24T08:03:06.960Z,https://twitter.com/g0vtw,tweets-replies,,,
Sat Oct 06 06:21:19 +0000 2018,1337150378,g0vtw,RT @EthanZ: Matt's talk opens with a story about a talk about the military and agile development at civic tech - a community is defined byâ€¦,https://twitter.com/g0vtw,g0v.tw | å°ç£é›¶æ™‚æ”¿åºœ,https://twitter.com/g0vtw/status/1048458159491170305,2019-12-24T08:03:06.960Z,https://twitter.com/g0vtw,tweets-replies,,,
Sat Oct 06 06:21:07 +0000 2018,1337150378,g0vtw,"RT @EthanZ: If we have really pretty websites that are supporting facism, are they still civic tech? (Nope.) @mstem at #g0vsummit We need tâ€¦",https://twitter.com/g0vtw,g0v.tw | å°ç£é›¶æ™‚æ”¿åºœ,https://twitter.com/g0vtw/status/1048458110442991617,2019-12-24T08:03:06.960Z,https://twitter.com/g0vtw,tweets-replies,,,
Sat Oct 06 06:19:37 +0000 2018,1337150378,g0vtw,RT @HeatherLeson: Who is #civictech and who does it excludes? Via @MattStem Is it defined by our values or it is government IT? #g0vsummitâ€¦,https://twitter.com/g0vtw,g0v.tw | å°ç£é›¶æ™‚æ”¿åºœ,https://twitter.com/g0vtw/status/1048457733920284672,2019-12-24T08:03:06.960Z,https://twitter.com/g0vtw,tweets-replies,,,
Sat Oct 06 06:18:43 +0000 2018,10313032,HeatherLeson,Who is #civictech and who does it excludes? Via @MattStem Is it defined by our values or it is government IT? #g0vsummit can we be normative? https://t.co/jbV0Ffj62b,https://twitter.com/HeatherLeson,HeatherLeson,https://twitter.com/HeatherLeson/status/1048457504978395138,2019-12-24T08:03:06.960Z,https://twitter.com/g0vtw,tweets-replies,,,
Sat Oct 06 06:18:06 +0000 2018,1051171,EthanZ,"If we have really pretty websites that are supporting facism, are they still civic tech? (Nope.) @mstem at #g0vsummit We need to focus on the outcomes of the world, not just the methods of the work.",https://twitter.com/EthanZ,Ethan Zuckerman,https://twitter.com/EthanZ/status/1048457352414879745,2019-12-24T08:03:06.960Z,https://twitter.com/g0vtw,tweets-replies,,,
Sat Oct 06 06:17:17 +0000 2018,1051171,EthanZ,"Matt's talk opens with a story about a talk about the military and agile development at civic tech - a community is defined by who it includes and who it excludes. Either we center on our values, or we are just government IT. @mstem at #g0vSummit",https://twitter.com/EthanZ,Ethan Zuckerman,https://twitter.com/EthanZ/status/1048457147200098304,2019-12-24T08:03:06.960Z,https://twitter.com/g0vtw,tweets-replies,,,
Sat Oct 06 02:33:36 +0000 2018,1337150378,g0vtw,RT @HeatherLeson: The internet knowledge is not reflective of the world's population: internet users and internet producers @WhoseKnowledgeâ€¦,https://twitter.com/g0vtw,g0v.tw | å°ç£é›¶æ™‚æ”¿åºœ,https://twitter.com/g0vtw/status/1048400855588687873,2019-12-24T08:03:06.960Z,https://twitter.com/g0vtw,tweets-replies,,,
Sat Oct 06 02:33:24 +0000 2018,1337150378,g0vtw,RT @Durishn: Whose knowledge persists on the Internet? Only 10% of Wikipedia editors are female or non-binary #g0vSummit,https://twitter.com/g0vtw,g0v.tw | å°ç£é›¶æ™‚æ”¿åºœ,https://twitter.com/g0vtw/status/1048400802564399104,2019-12-24T08:03:06.960Z,https://twitter.com/g0vtw,tweets-replies,,,
Sat Oct 06 02:32:10 +0000 2018,1337150378,g0vtw,"RT @EthanZ: What does it mean that the internet is no longer a US, English space? 40% of the world's mobile-broadband internet users are inâ€¦",https://twitter.com/g0vtw,g0v.tw | å°ç£é›¶æ™‚æ”¿åºœ,https://twitter.com/g0vtw/status/1048400494681501697,2019-12-24T08:03:06.960Z,https://twitter.com/g0vtw,tweets-replies,,,
Sat Oct 06 02:32:08 +0000 2018,10313032,HeatherLeson,The internet knowledge is not reflective of the world's population: internet users and internet producers @WhoseKnowledge #g0vsummit 10% wikipedia editors female/non-binary. See the @oiioxford research https://t.co/tls3uSYwKq,https://twitter.com/HeatherLeson,HeatherLeson,https://twitter.com/HeatherLeson/status/1048400485068103680,2019-12-24T08:03:06.960Z,https://twitter.com/g0vtw,tweets-replies,,,
Sat Oct 06 02:31:58 +0000 2018,1337150378,g0vtw,RT @fvntr: 'Decolonizing the internet is a way of talking openly about whose stories get heard and amplified' @Anasuyashh #g0vsummit https:â€¦,https://twitter.com/g0vtw,g0v.tw | å°ç£é›¶æ™‚æ”¿åºœ,https://twitter.com/g0vtw/status/1048400441732554752,2019-12-24T08:03:06.960Z,https://twitter.com/g0vtw,tweets-replies,,,
Sat Oct 06 02:31:11 +0000 2018,2869447409,Durishn,Whose knowledge persists on the Internet? Only 10% of Wikipedia editors are female or non-binary #g0vSummit,https://twitter.com/Durishn,Nic Durish,https://twitter.com/Durishn/status/1048400244688412673,2019-12-24T08:03:06.960Z,https://twitter.com/g0vtw,tweets-replies,,,
Sat Oct 06 02:27:59 +0000 2018,1524942979,fvntr,'Decolonizing the internet is a way of talking openly about whose stories get heard and amplified' @Anasuyashh #g0vsummit https://t.co/CgVnwBq5Tr,https://twitter.com/fvntr,Felipe Ventura,https://twitter.com/fvntr/status/1048399442141802496,2019-12-24T08:03:06.960Z,https://twitter.com/g0vtw,tweets-replies,,,
Sat Oct 06 02:26:38 +0000 2018,1051171,EthanZ,"What does it mean that the internet is no longer a US, English space? 40% of the world's mobile-broadband internet users are in Asia. But public knowledge doesn't reflect that diversity @whoseknowledge #g0vsummit",https://twitter.com/EthanZ,Ethan Zuckerman,https://twitter.com/EthanZ/status/1048399098649313280,2019-12-24T08:03:06.960Z,https://twitter.com/g0vtw,tweets-replies,,,
Sat Oct 06 02:13:48 +0000 2018,1337150378,g0vtw,"RT @mstem: @EthanZ Institutionalists believe we make progress through our existing institutions, whereas insurrectionists look at those strâ€¦",https://twitter.com/g0vtw,g0v.tw | å°ç£é›¶æ™‚æ”¿åºœ,https://twitter.com/g0vtw/status/1048395871639941120,2019-12-24T08:03:06.960Z,https://twitter.com/g0vtw,tweets-replies,,,
Sat Oct 06 02:12:24 +0000 2018,1337150378,g0vtw,"RT @mstem: Institutionalists and insurrectionists can and do collaborate, often through social bonds. Friends on the outside and friends onâ€¦",https://twitter.com/g0vtw,g0v.tw | å°ç£é›¶æ™‚æ”¿åºœ,https://twitter.com/g0vtw/status/1048395517426724867,2019-12-24T08:03:06.960Z,https://twitter.com/g0vtw,tweets-replies,,,
Sat Oct 06 02:10:40 +0000 2018,1637181,mstem,"Institutionalists and insurrectionists can and do collaborate, often through social bonds. Friends on the outside and friends on the inside might be working toward the same goals in very different ways. #g0vSummit",https://twitter.com/mstem,Matt Stempeck,https://twitter.com/mstem/status/1048395084167696384,2019-12-24T08:03:06.960Z,https://twitter.com/g0vtw,tweets-replies,true,@mstem,https://twitter.com/mstem/status/1048394579542601728
Sat Oct 06 02:07:08 +0000 2018,1337150378,g0vtw,"RT @mstem: @EthanZ Us social changers have a habit of expecting everyone to become Gandhi. If we want to succeed at scale and over time, weâ€¦",https://twitter.com/g0vtw,g0v.tw | å°ç£é›¶æ™‚æ”¿åºœ,https://twitter.com/g0vtw/status/1048394193213698048,2019-12-24T08:03:06.960Z,https://twitter.com/g0vtw,tweets-replies,,,
Sat Oct 06 02:06:54 +0000 2018,1337150378,g0vtw,RT @HeatherLeson: Pick-and-choose what works for you: efficacy @EthanZ #g0vsummit https://t.co/p1oceaszUd,https://twitter.com/g0vtw,g0v.tw | å°ç£é›¶æ™‚æ”¿åºœ,https://twitter.com/g0vtw/status/1048394135353184256,2019-12-24T08:03:06.960Z,https://twitter.com/g0vtw,tweets-replies,,,
Sat Oct 06 02:05:42 +0000 2018,10313032,HeatherLeson,Pick-and-choose what works for you: efficacy @EthanZ #g0vsummit https://t.co/p1oceaszUd,https://twitter.com/HeatherLeson,HeatherLeson,https://twitter.com/HeatherLeson/status/1048393832830627840,2019-12-24T08:03:06.960Z,https://twitter.com/g0vtw,tweets-replies,,,
Sat Oct 06 02:05:30 +0000 2018,1637181,mstem,"@EthanZ Us social changers have a habit of expecting everyone to become Gandhi. If we want to succeed at scale and over time, we need to invite people to take action in lightweight ways, too, like changing their profile pictures to support equal marriage. #g0vsummit",https://twitter.com/mstem,Matt Stempeck,https://twitter.com/mstem/status/1048393781693669376,2019-12-24T08:03:06.960Z,https://twitter.com/g0vtw,tweets-replies,true,@mstem,https://twitter.com/mstem/status/1048392026499112960
Sat Oct 06 02:02:19 +0000 2018,1337150378,g0vtw,"RT @mstem: We often think of dutiful voters as good citizens but @ethanz sees the rabblerouser in the street as equally important. ""We needâ€¦",https://twitter.com/g0vtw,g0v.tw | å°ç£é›¶æ™‚æ”¿åºœ,https://twitter.com/g0vtw/status/1048392981542133760,2019-12-24T08:03:06.960Z,https://twitter.com/g0vtw,tweets-replies,,,
Sat Oct 06 02:01:37 +0000 2018,1337150378,g0vtw,RT @elaragon: Very important reflection by @EthanZ explaining the malfunction of current institutional politics as consequence of the lackâ€¦,https://twitter.com/g0vtw,g0v.tw | å°ç£é›¶æ™‚æ”¿åºœ,https://twitter.com/g0vtw/status/1048392804517306368,2019-12-24T08:03:06.960Z,https://twitter.com/g0vtw,tweets-replies,,,
Sat Oct 06 01:54:38 +0000 2018,1637181,mstem,"@EthanZ Institutionalists believe we make progress through our existing institutions, whereas insurrectionists look at those structures and deem them broken, and feel it's not in their interest to work within them @EthanZ #g0vsummit https://t.co/mP7LBksUo0",https://twitter.com/mstem,Matt Stempeck,https://twitter.com/mstem/status/1048391047133294592,2019-12-24T08:03:06.960Z,https://twitter.com/g0vtw,tweets-replies,true,@mstem,https://twitter.com/mstem/status/1048390139821547520
Sat Oct 06 01:53:35 +0000 2018,1337150378,g0vtw,"Institutionalist: the way we make progress is by working through our existing strong institutions. Insurrectionist: try to build better structures, or remove parts of structures. @EthanZ",https://twitter.com/g0vtw,g0v.tw | å°ç£é›¶æ™‚æ”¿åºœ,https://twitter.com/g0vtw/status/1048390781898129410,2019-12-24T08:03:06.960Z,https://twitter.com/g0vtw,tweets-replies,,,
Sat Oct 06 01:53:19 +0000 2018,123695829,elaragon,"Very important reflection by @EthanZ explaining the malfunction of current institutional politics as consequence of the lack of TRUST (rather than just focusing on #fakenews, election manipulation, etc.) #g0vSummit https://t.co/HiY0oZ8ZCO",https://twitter.com/elaragon,Pablo AragÃ³n,https://twitter.com/elaragon/status/1048390715787567105,2019-12-24T08:03:06.960Z,https://twitter.com/g0vtw,tweets-replies,,,
Sat Oct 06 01:51:02 +0000 2018,1637181,mstem,"We often think of dutiful voters as good citizens but @ethanz sees the rabblerouser in the street as equally important. ""We need both kinds of citizens: those supporting the institutions, and the people working to tell us when the institutions aren't working anymore."" #g0vSummit",https://twitter.com/mstem,Matt Stempeck,https://twitter.com/mstem/status/1048390139821547520,2019-12-24T08:03:06.960Z,https://twitter.com/g0vtw,tweets-replies,true,@mstem,https://twitter.com/mstem/status/1048389374453272576
Sat Oct 06 01:50:07 +0000 2018,1337150378,g0vtw,"""What does it mean to be a good citizen in a democracy? The good citizen quietly going to poll to vote, older? Or the headbanded young people shouting in the street?"" @EthanZ https://t.co/cysP27A0RE",https://twitter.com/g0vtw,g0v.tw | å°ç£é›¶æ™‚æ”¿åºœ,https://twitter.com/g0vtw/status/1048389909679984642,2019-12-24T08:03:06.960Z,https://twitter.com/g0vtw,tweets-replies,,,
Fri Oct 05 14:02:39 +0000 2018,1337150378,g0vtw,RT @FangJuiChang: It's a very inspiring part of the talk - how conversation threading affects the deliberative structures of online discussâ€¦,https://twitter.com/g0vtw,g0v.tw | å°ç£é›¶æ™‚æ”¿åºœ,https://twitter.com/g0vtw/status/1048211870908219393,2019-12-24T08:03:06.960Z,https://twitter.com/g0vtw,tweets-replies,,,
Fri Oct 05 09:28:28 +0000 2018,1337150378,g0vtw,"""The goal should drive the output, and not the other way around. Do not design your project around a portal or a naew app"" @mikorulez #g0vSummit",https://twitter.com/g0vtw,g0v.tw | å°ç£é›¶æ™‚æ”¿åºœ,https://twitter.com/g0vtw/status/1048142871189024768,2019-12-24T08:03:06.960Z,https://twitter.com/g0vtw,tweets-replies,,,
Fri Oct 05 09:26:26 +0000 2018,1337150378,g0vtw,"""Problem/issue/question-focused approaches work best. So do not design open data projects that start off with data"" @mikorulez #g0vSummit https://t.co/PazkwEqDrt",https://twitter.com/g0vtw,g0v.tw | å°ç£é›¶æ™‚æ”¿åºœ,https://twitter.com/g0vtw/status/1048142357453889536,2019-12-24T08:03:06.960Z,https://twitter.com/g0vtw,tweets-replies,,,
Fri Oct 05 09:20:46 +0000 2018,1337150378,g0vtw,RT @g0vnews: So many #civictech friends gather here in Taipei for the #g0vsummit @g0vtw for 3 days. All share common value and want to brinâ€¦,https://twitter.com/g0vtw,g0v.tw | å°ç£é›¶æ™‚æ”¿åºœ,https://twitter.com/g0vtw/status/1048140933080838144,2019-12-24T08:03:06.960Z,https://twitter.com/g0vtw,tweets-replies,,,
Fri Oct 05 08:19:07 +0000 2018,802032104993210368,ocflab,So many #civictech friends gather here in Taipei for the #g0vsummit @g0vtw for 3 days. All share common value and want to bring positive change to own society ! https://t.co/h8BjzCMf0Y,https://twitter.com/ocflab,OCF Lab,https://twitter.com/ocflab/status/1048125418161618944,2019-12-24T08:03:06.960Z,https://twitter.com/g0vtw,tweets-replies,,,
Fri Oct 05 06:27:09 +0000 2018,3302161923,FangJuiChang,It's a very inspiring part of the talk - how conversation threading affects the deliberative structures of online discussion. @elaragon #g0vsummit https://t.co/E8laLJtUDQ,https://twitter.com/FangJuiChang,Fang-Jui Chang,https://twitter.com/FangJuiChang/status/1048097241041317890,2019-12-24T08:03:06.960Z,https://twitter.com/g0vtw,tweets-replies,,,
Fri Oct 05 06:16:48 +0000 2018,1337150378,g0vtw,Building a Global Tech Accountability Network @riovictoire #g0vSummit #Myanmar https://t.co/OkhEmGJss5,https://twitter.com/g0vtw,g0v.tw | å°ç£é›¶æ™‚æ”¿åºœ,https://twitter.com/g0vtw/status/1048094636588199936,2019-12-24T08:03:06.960Z,https://twitter.com/g0vtw,tweets-replies,,,
Fri Oct 05 03:18:57 +0000 2018,1337150378,g0vtw,"""We can acheive consensus because we're looking for the common ground of the different voices"" - Mark @FangJuiChang",https://twitter.com/g0vtw,g0v.tw | å°ç£é›¶æ™‚æ”¿åºœ,https://twitter.com/g0vtw/status/1048049878574686211,2019-12-24T08:03:06.960Z,https://twitter.com/g0vtw,tweets-replies,,,
Fri Oct 05 02:26:08 +0000 2018,1337150378,g0vtw,"We're livestreaming each talk! 
R0: https://t.co/B1Z6apYZ0e
R1: https://t.co/9zid912LL1
R2: https://t.co/a7TKJJF2Vo
R3: https://t.co/fG0AsiSLh8 #civictech https://t.co/LyDvp9MAoN",https://twitter.com/g0vtw,g0v.tw | å°ç£é›¶æ™‚æ”¿åºœ,https://twitter.com/g0vtw/status/1048036585680166913,2019-12-24T08:03:06.960Z,https://twitter.com/g0vtw,tweets-replies,,,
Fri Oct 05 02:23:46 +0000 2018,1337150378,g0vtw,"Transforming the policy-making process with the PO network: ""Make sure people are on the same page - realtime fact, feelings, and ideas documentation"".  https://t.co/6imBA7Huun #g0vSummit #civictech https://t.co/WwY0UUpBJC",https://twitter.com/g0vtw,g0v.tw | å°ç£é›¶æ™‚æ”¿åºœ,https://twitter.com/g0vtw/status/1048035992303620098,2019-12-24T08:03:06.960Z,https://twitter.com/g0vtw,tweets-replies,,,
Fri Oct 05 01:47:17 +0000 2018,1337150378,g0vtw,"""We want to build an ecocystem to solve problems collaboratively"" @ipa https://t.co/SclnFSSoP5",https://twitter.com/g0vtw,g0v.tw | å°ç£é›¶æ™‚æ”¿åºœ,https://twitter.com/g0vtw/status/1048026810837913600,2019-12-24T08:03:06.960Z,https://twitter.com/g0vtw,tweets-replies,,,
Fri Oct 05 01:25:38 +0000 2018,1337150378,g0vtw,Welcome to the #g0vSummit ! The sessions will begin in a few minutes ğŸ™Œ https://t.co/UiVh3YhUN6,https://twitter.com/g0vtw,g0v.tw | å°ç£é›¶æ™‚æ”¿åºœ,https://twitter.com/g0vtw/status/1048021360750948352,2019-12-24T08:03:06.960Z,https://twitter.com/g0vtw,tweets-replies,,,
Wed Oct 03 13:40:37 +0000 2018,1337150378,g0vtw,"@soizicpenicaud Hi, to join g0v Slack channel, login to https://t.co/N9f1ZED0yh. g0v Slack is as follows: https://t.co/cnSiHckZ5B",https://twitter.com/g0vtw,g0v.tw | å°ç£é›¶æ™‚æ”¿åºœ,https://twitter.com/g0vtw/status/1047481548625272833,2019-12-24T08:03:06.960Z,https://twitter.com/g0vtw,tweets-replies,true,@soizicpenicaud,https://twitter.com/soizicpenicaud/status/1046996327870160896
Sat Sep 29 07:38:49 +0000 2018,1337150378,g0vtw,Today's the last staff meeting before the Summit ğŸ™Œ Thank you to everyone! è¬è¬å¤§å®¶çš„å¹«å¿™! #g0vSummit #CivicTech https://t.co/nAXZqMKYjJ,https://twitter.com/g0vtw,g0v.tw | å°ç£é›¶æ™‚æ”¿åºœ,https://twitter.com/g0vtw/status/1045940947794583552,2019-12-24T08:03:06.960Z,https://twitter.com/g0vtw,tweets-replies,,,
Sat Sep 22 13:33:00 +0000 2018,1337150378,g0vtw,Ready for the Summit in Taipei? Speakers are coming from 23 countries! You can still register for the three-day event: https://t.co/ULbDdJC95c https://t.co/iWeiRSnPeE,https://twitter.com/g0vtw,g0v.tw | å°ç£é›¶æ™‚æ”¿åºœ,https://twitter.com/g0vtw/status/1043493366325866496,2019-12-24T08:03:06.960Z,https://twitter.com/g0vtw,tweets-replies,,,
Wed Sep 19 05:21:31 +0000 2018,1337150378,g0vtw,What language can I use in Taipei? Where can I buy electronics? How to get around town? We prepare a short guide just for you!  ğŸ™Œ https://t.co/Ilftc5GWBp https://t.co/1teTJDwvUw,https://twitter.com/g0vtw,g0v.tw | å°ç£é›¶æ™‚æ”¿åºœ,https://twitter.com/g0vtw/status/1042282516399316992,2019-12-24T08:03:06.960Z,https://twitter.com/g0vtw,tweets-replies,,,
Mon Sep 17 01:30:00 +0000 2018,1337150378,g0vtw,"è½èªªä¾†é»‘å®¢æ¾çš„éƒ½æ˜¯""å®…å®…""? è¿‘ä¾†é¾å®‰åœ‹å°""ç©¿è£™å­çš„ç”·å­©""çˆ­è­°æ¿€èµ·äº†""æ€§åˆ¥åˆ»æ¿å°è±¡""è­°é¡Œçš„ç¤¾æœƒè¨è«–ï¼Œä½†æ€§åˆ¥åˆ»æ¿å°è±¡å…¶å¯¦ç„¡è™•ä¸åœ¨ã€‚g0v å¹´æœƒç¬¬ä¸€å¤©ä¸‹åˆçš„""æ€§åˆ¥è­°é¡Œè¨­è¨ˆæ€è€ƒå·¥ä½œåŠ""å°‡ç”±å¥³äººè¿·çš„ Merci Kuo å¸¶è‘—æˆ‘å€‘åƒèˆ‡æ§‹æ€, å¾""æ€§åˆ¥èˆ‡ç§‘æŠ€""ä¸»é¡Œå‡ºç™¼ï¼Œå°‡é›¶æ„Ÿè½‰åŒ–ç‚ºè¡Œå‹•ä¾†è§£æ±ºæ€§åˆ¥å•é¡Œã€‚#èª°èªªå®…å®…ä¸èƒ½ç©¿è£™å­ https://t.co/OAfEdWlwED",https://twitter.com/g0vtw,g0v.tw | å°ç£é›¶æ™‚æ”¿åºœ,https://twitter.com/g0vtw/status/1041499478086172672,2019-12-24T08:03:06.960Z,https://twitter.com/g0vtw,tweets-replies,,,
Wed Sep 12 08:14:11 +0000 2018,1337150378,g0vtw,"Hi everyone, we have finalized the agenda ğŸ‘‰ https://t.co/8g5yEcGfEh #g0vSummit #é›¶æ™‚æ”¿åºœ https://t.co/lCgpsdKsn4",https://twitter.com/g0vtw,g0v.tw | å°ç£é›¶æ™‚æ”¿åºœ,https://twitter.com/g0vtw/status/1039789257424953344,2019-12-24T08:03:06.960Z,https://twitter.com/g0vtw,tweets-replies,,,
Mon Sep 10 06:36:33 +0000 2018,1337150378,g0vtw,"Anasuya Sengupta will be a keynote speaker @#g0vSummit! Woman right advocate, poet, researcher &amp;entrepreneur, @Anasuyashh founded Whose Knowledge to amplify voices from marginalized women, LGBTQI &amp;other groups in the Global South, while unpacking issues of power,privilege &amp;access https://t.co/3VQQPBKJ71",https://twitter.com/g0vtw,g0v.tw | å°ç£é›¶æ™‚æ”¿åºœ,https://twitter.com/g0vtw/status/1039039908499734529,2019-12-24T08:03:06.960Z,https://twitter.com/g0vtw,tweets-replies,,,
Sun Sep 02 13:11:47 +0000 2018,1337150378,g0vtw,RT @NDItech: Platform developed by @g0vtw separates fact from fiction on #LINE social media app: a user forwards messages to the #Cofacts #â€¦,https://twitter.com/g0vtw,g0v.tw | å°ç£é›¶æ™‚æ”¿åºœ,https://twitter.com/g0vtw/status/1036240269786546177,2019-12-24T08:03:06.960Z,https://twitter.com/g0vtw,tweets-replies,,,
Sat Sep 01 17:30:15 +0000 2018,169583514,NDItech,"Platform developed by @g0vtw separates fact from fiction on #LINE social media app: a user forwards messages to the #Cofacts #chatbot, which sends them to fact-checking editors and responds to the user with their evaluation. https://t.co/0y8uYoL1j9 @splicenewsroom https://t.co/MBmILtlgaQ",https://twitter.com/NDItech,NDItech,https://twitter.com/NDItech/status/1035942927959306240,2019-12-24T08:03:06.960Z,https://twitter.com/g0vtw,tweets-replies,,,
Fri Aug 31 08:57:32 +0000 2018,1337150378,g0vtw,RT @elaragon: Check out the adhocratic framework of #vTaiwan ğŸ§ªğŸ”¬ğŸ™Œ Experimenting between institutionalizing or deinstitutionalizing a open coâ€¦,https://twitter.com/g0vtw,g0v.tw | å°ç£é›¶æ™‚æ”¿åºœ,https://twitter.com/g0vtw/status/1035451511805947905,2019-12-24T08:03:06.960Z,https://twitter.com/g0vtw,tweets-replies,,,
Fri Aug 31 08:13:56 +0000 2018,123695829,elaragon,Check out the adhocratic framework of #vTaiwan ğŸ§ªğŸ”¬ğŸ™Œ Experimenting between institutionalizing or deinstitutionalizing a open consultation model https://t.co/c5N8YiTmCw https://t.co/YHvpvUeN2L,https://twitter.com/elaragon,Pablo AragÃ³n,https://twitter.com/elaragon/status/1035440540039426049,2019-12-24T08:03:06.960Z,https://twitter.com/g0vtw,tweets-replies,,,
Thu Aug 30 08:45:58 +0000 2018,1337150378,g0vtw,"RT @IJNet: To counter the spread of misinformation on messaging app LINE, Taiwanese civic tech org @g0vtw created Cofacts, an open, collaboâ€¦",https://twitter.com/g0vtw,g0v.tw | å°ç£é›¶æ™‚æ”¿åºœ,https://twitter.com/g0vtw/status/1035086210652352512,2019-12-24T08:03:06.960Z,https://twitter.com/g0vtw,tweets-replies,,,
Thu Aug 30 07:00:00 +0000 2018,1337150378,g0vtw,"One of the #g0vSummit's keynote speakers is Ethan Zuckerman, Director of the Center for Civic Media at MIT, co-founder of Global Voices and founder of Geekcorps. @EthanZ will share how #civictech is reopening the Internet dominated by tech giants ğŸ™Œ https://t.co/fwmSNFkvW2",https://twitter.com/g0vtw,g0v.tw | å°ç£é›¶æ™‚æ”¿åºœ,https://twitter.com/g0vtw/status/1035059543917690880,2019-12-24T08:03:06.960Z,https://twitter.com/g0vtw,tweets-replies,,,
Thu Aug 30 02:50:17 +0000 2018,16616757,IJNet,"To counter the spread of misinformation on messaging app LINE, Taiwanese civic tech org @g0vtw created Cofacts, an open, collaborative platform that uses a chatbot and volunteer fact-checkers. https://t.co/1RwTiA8dNK (from @kixes) https://t.co/mqj9E5GvOf",https://twitter.com/IJNet,IJNet,https://twitter.com/IJNet/status/1034996702053322752,2019-12-24T08:03:06.960Z,https://twitter.com/g0vtw,tweets-replies,,,
Wed Aug 29 20:49:09 +0000 2018,1337150378,g0vtw,RT @chihaoyo: @DerekAlton @audreyt @g0vtw Invite yourself into g0vâ€™s Slack via https://t.co/y4jK261r3r and you might get a more comprehensiâ€¦,https://twitter.com/g0vtw,g0v.tw | å°ç£é›¶æ™‚æ”¿åºœ,https://twitter.com/g0vtw/status/1034905818108518401,2019-12-24T08:03:06.960Z,https://twitter.com/g0vtw,tweets-replies,,,
Fri Aug 24 13:24:22 +0000 2018,18228403,chihaoyo,@DerekAlton @audreyt @g0vtw Invite yourself into g0vâ€™s Slack via https://t.co/y4jK261r3r and you might get a more comprehensive picture of the landscape here in #Taiwan. Some pre-Summit introductions would be great :),https://twitter.com/chihaoyo,æ¸¸çŸ¥æ¾”,https://twitter.com/chihaoyo/status/1032981947809554432,2019-12-24T08:03:06.960Z,https://twitter.com/g0vtw,tweets-replies,true,@DerekAlton,https://twitter.com/DerekAlton/status/1032875259811250176
Tue Aug 07 09:31:29 +0000 2018,1337150378,g0vtw,"Join us in October in #Taiwan to share your experience, ideas and meet people! #g0vSummit #civictech https://t.co/rVD61VHuDn https://t.co/TfxSlJfMqm",https://twitter.com/g0vtw,g0v.tw | å°ç£é›¶æ™‚æ”¿åºœ,https://twitter.com/g0vtw/status/1026762744014487552,2019-12-24T08:03:06.960Z,https://twitter.com/g0vtw,tweets-replies,,,
Fri Aug 03 09:41:07 +0000 2018,802032104993210368,ocflab,"g0v summit this year is selling ticket now. Largets #civictech event in  East Asia. This year will be 3 days, more than 2000 participants from more than 30 countries. And it's organized mainly by volunteers !

https://t.co/1oeKhb6dyb",https://twitter.com/ocflab,OCF Lab,https://twitter.com/ocflab/status/1025315618084466688,2019-12-24T08:03:06.960Z,https://twitter.com/g0vtw,tweets-replies,,,
Tue Jul 24 16:49:50 +0000 2018,1337150378,g0vtw,We have received 148 submissions from 31 countries ğŸ™ŒThank you all for your contributions! #g0vsummit #CivicTech https://t.co/tIG4HFgXF0,https://twitter.com/g0vtw,g0v.tw | å°ç£é›¶æ™‚æ”¿åºœ,https://twitter.com/g0vtw/status/1021799630756098050,2019-12-24T08:03:06.960Z,https://twitter.com/g0vtw,tweets-replies,,,
Thu Jul 12 11:42:14 +0000 2018,1337150378,g0vtw,"é‹ªæ¢—å®Œç•¢ğŸ˜Š

æ“šå°ç·¨å…§ç·šæ¶ˆæ¯ï¼Œä»Šå¹´ g0v summit æ”¶åˆ°ä¾†è‡ªä¸–ç•Œå„åœ‹è¬›è€…çš„è¸´èºä¾†ç¨¿ï¼Œåˆ°æ™‚å¯æ˜¯çœŸæ­£çš„å¤šèªå¹³å°å•Š! è¬›è€…åå–®å°‡åœ¨è¿‘æœŸå…¬å¸ƒï¼Œæ•¬è«‹æœŸå¾…ï¼

Ã˜ ä»Šå¹´ä¸»é¡Œï½œã€Œå…¬æ°‘ç§‘æŠ€ã€ï¼Œåˆ†ç‚ºå…©å€‹ä¸»é¡Œå€å¡Šã€‚
Ã˜ å¹´æœƒæ—¥æœŸï½œ10/5 - 10/7
Ã˜ å¹´æœƒåœ°é»ï½œ#ä¸­å¤®ç ”ç©¶é™¢äººæ–‡ç¤¾æœƒé¤¨
Ã˜ å¹´æœƒç¶²ç«™ï½œhttps://t.co/oN5cqm2yJY",https://twitter.com/g0vtw,g0v.tw | å°ç£é›¶æ™‚æ”¿åºœ,https://twitter.com/g0vtw/status/1017373565132378117,2019-12-24T08:03:06.960Z,https://twitter.com/g0vtw,tweets-replies,true,@g0vtw,https://twitter.com/g0vtw/status/1017373141813944322
Thu Jul 12 11:40:33 +0000 2018,1337150378,g0vtw,"ğŸ’¡g0vå°çŸ¥è­˜

iTaigi åŠé˜¿ç¾èªèŒå…¸éƒ½æ˜¯ã€Œå…¨æ°‘åƒèˆ‡ã€å»ºç½®èµ·ä¾†çš„å…¨æ°‘è¾­å…¸ï¼Œé è‘—æ¯ä½ g0v åƒèˆ‡è€…åœ¨ç¶²ç«™ä¸Šå»ºç«‹èˆ‡æ ¡æ­£è©å½™ã€éŒ„è£½ç™¼éŸ³ï¼Œä¸€é»ä¸€æ»´å»ºç«‹èµ·ã€Œé‡ç”Ÿçš„æ°‘é–“è¾­å…¸ã€ã€‚",https://twitter.com/g0vtw,g0v.tw | å°ç£é›¶æ™‚æ”¿åºœ,https://twitter.com/g0vtw/status/1017373141813944322,2019-12-24T08:03:06.960Z,https://twitter.com/g0vtw,tweets-replies,true,@g0vtw,https://twitter.com/g0vtw/status/1017368483162664960
Thu Jul 12 11:22:02 +0000 2018,1337150378,g0vtw,"ã€g0væ¯æ—¥ä¸€å­—ã€‘
çµ¦ä½å¥½ï¼æ˜¨å¤©æ˜¯ã€Œç‘ªåˆ©äºã€é›¢é–‹å°ç£çš„æ—¥å­ã€‚æœ‰äººçŸ¥é“ã€Œé¢±é¢¨å‡ã€æ€éº¼å¿µå—ï¼Ÿå°ç·¨å¥½æƒ³çŸ¥é“! è·Ÿè‘—å°ç·¨, ä¾†å­¸ç¿’ã€Œé¢±é¢¨ã€çš„å°èªèˆ‡é˜¿ç¾èªæ€éº¼å¿µã€‚è«‹çŸ¥é“çš„æœ‹å‹é€²å¿«é€²å…¥ä»¥ä¸‹ç¶²ç«™å»ºæª”ï¼Œè®“å¤§å®¶ä¸€èµ·å­¸ç¿’!
ğŸ‘‰iTaigi:https://t.co/ms855Hgdpx
ğŸ‘‰é˜¿ç¾èªèŒå…¸:https://t.co/txIrwlw0fR https://t.co/AF8eqGgBgW",https://twitter.com/g0vtw,g0v.tw | å°ç£é›¶æ™‚æ”¿åºœ,https://twitter.com/g0vtw/status/1017368483162664960,2019-12-24T08:03:06.960Z,https://twitter.com/g0vtw,tweets-replies,,,
Mon Jun 25 10:19:59 +0000 2018,1337150378,g0vtw,#2018g0vSummit Early Bird tickets sale is ending in 5 days! Grab your tickets now and join us in Taipei for the biggest civic tech event in Asia! https://t.co/kugiR0besR,https://twitter.com/g0vtw,g0v.tw | å°ç£é›¶æ™‚æ”¿åºœ,https://twitter.com/g0vtw/status/1011192273529257984,2019-12-24T08:03:06.960Z,https://twitter.com/g0vtw,tweets-replies,,,
Tue May 29 07:21:34 +0000 2018,1337150378,g0vtw,"g0v Summit is coming in October!ğŸ™Œ Share your stories, experiments, ideas, submit your proposal before June 30 and join us in Taipei! https://t.co/TpODA8EHvV #civictech #opengov #g0vSummit https://t.co/WeSQkp09xx",https://twitter.com/g0vtw,g0v.tw | å°ç£é›¶æ™‚æ”¿åºœ,https://twitter.com/g0vtw/status/1001362898680102912,2019-12-24T08:03:06.960Z,https://twitter.com/g0vtw,tweets-replies,,,
Wed May 23 09:09:55 +0000 2018,1337150378,g0vtw,"RT @Code4Luke: Only 40% of @g0vtw's 1,000+ members are coders. Another great reminder that anyone can contribute to #civictech. #civictechtâ€¦",https://twitter.com/g0vtw,g0v.tw | å°ç£é›¶æ™‚æ”¿åºœ,https://twitter.com/g0vtw/status/999215841601142784,2019-12-24T08:03:06.960Z,https://twitter.com/g0vtw,tweets-replies,,,
Wed May 23 09:06:14 +0000 2018,1337150378,g0vtw,"RT @Code4Luke: This is so cool! @g0vtw's civic tech prototype grant helps awesome civic tech projects get off the ground. 

Even a small inâ€¦",https://twitter.com/g0vtw,g0v.tw | å°ç£é›¶æ™‚æ”¿åºœ,https://twitter.com/g0vtw/status/999214911883374593,2019-12-24T08:03:06.960Z,https://twitter.com/g0vtw,tweets-replies,,,
Tue May 22 23:58:05 +0000 2018,858849264,Code4Luke,"This is so cool! @g0vtw's civic tech prototype grant helps awesome civic tech projects get off the ground. 

Even a small investment in civic tech can lead to big impacts. I'd love to see this kind of model in Canada. #civictechto https://t.co/UBEj6y2fIz",https://twitter.com/Code4Luke,Luke Simcoe,https://twitter.com/Code4Luke/status/999076966425804800,2019-12-24T08:03:06.960Z,https://twitter.com/g0vtw,tweets-replies,,,
Tue May 22 23:45:09 +0000 2018,858849264,Code4Luke,"Only 40% of @g0vtw's 1,000+ members are coders. Another great reminder that anyone can contribute to #civictech. #civictechto https://t.co/2P2QPZJieg",https://twitter.com/Code4Luke,Luke Simcoe,https://twitter.com/Code4Luke/status/999073712040132608,2019-12-24T08:03:06.960Z,https://twitter.com/g0vtw,tweets-replies,,,
Fri May 18 08:22:21 +0000 2018,1337150378,g0vtw,Check out our latest report about the #g0v Civic Tech Prototype Grant and discover amazing #civictech projects: https://t.co/KNWEVEjnX5 https://t.co/f1SJMd9tWb,https://twitter.com/g0vtw,g0v.tw | å°ç£é›¶æ™‚æ”¿åºœ,https://twitter.com/g0vtw/status/997391928575410176,2019-12-24T08:03:06.960Z,https://twitter.com/g0vtw,tweets-replies,,,
Thu May 10 11:38:33 +0000 2018,1337150378,g0vtw,"Want to know more about g0v? Follow those links: https://t.co/3JVenwxDVH &amp; https://t.co/Ea5VrhrsVR
#2018g0vSummit #civictech #opengov #g0v.tw https://t.co/92hswGwiwD",https://twitter.com/g0vtw,g0v.tw | å°ç£é›¶æ™‚æ”¿åºœ,https://twitter.com/g0vtw/status/994542204340264960,2019-12-24T08:03:06.960Z,https://twitter.com/g0vtw,tweets-replies,,,
Sat May 05 09:12:12 +0000 2018,1337150378,g0vtw,2018 #g0vSummit Early bird tickets + Community contributors tickets are now on sale! Join us in Oct. for the biggest meeting on #civictech &amp; #opengov in Asia:  https://t.co/rVD61VpTeN https://t.co/D04mOR4Yv2,https://twitter.com/g0vtw,g0v.tw | å°ç£é›¶æ™‚æ”¿åºœ,https://twitter.com/g0vtw/status/992693434891681792,2019-12-24T08:03:06.960Z,https://twitter.com/g0vtw,tweets-replies,,,
Tue Apr 24 13:01:00 +0000 2018,1337150378,g0vtw,Attend g0v Summit 2018 in October in Taipei! Buy an early bird ticket to join the largest #civictech conference in Asia: https://t.co/oN5cqm2yJY #g0vSummit2018 https://t.co/PeZ0c4KpVY,https://twitter.com/g0vtw,g0v.tw | å°ç£é›¶æ™‚æ”¿åºœ,https://twitter.com/g0vtw/status/988764746211086337,2019-12-24T08:03:06.960Z,https://twitter.com/g0vtw,tweets-replies,,,
Tue Apr 24 13:00:00 +0000 2018,1337150378,g0vtw,g0v Summit is coming back in October! Call for proposal is now open. Submit your ongoing #civictech &amp; open government projects or failed experiments before June 30th: https://t.co/oN5cqlKXlo #g0vSummit2018 https://t.co/tiaLfwstBP,https://twitter.com/g0vtw,g0v.tw | å°ç£é›¶æ™‚æ”¿åºœ,https://twitter.com/g0vtw/status/988764494938566662,2019-12-24T08:03:06.960Z,https://twitter.com/g0vtw,tweets-replies,,,
Tue Dec 06 19:40:20 +0000 2016,1337150378,g0vtw,"RT @g0vnews: We just launched our site. A bilingual (ä¸­æ–‡/English) news platform about civil tech. Get a taste of it, NOW!  ;)

https://t.co/â€¦",https://twitter.com/g0vtw,g0v.tw | å°ç£é›¶æ™‚æ”¿åºœ,https://twitter.com/g0vtw/status/806221759112429568,2019-12-24T08:03:06.960Z,https://twitter.com/g0vtw,tweets-replies,,,
Tue Dec 06 19:36:10 +0000 2016,802032104993210368,ocflab,"We just launched our site. A bilingual (ä¸­æ–‡/English) news platform about civil tech. Get a taste of it, NOW!  ;)

https://t.co/mluhYahvhj",https://twitter.com/ocflab,OCF Lab,https://twitter.com/ocflab/status/806220709135601664,2019-12-24T08:03:06.960Z,https://twitter.com/g0vtw,tweets-replies,,,
Wed Nov 30 06:52:28 +0000 2016,1337150378,g0vtw,Let's make some noise before #OGPSummit Paris! Come by Civil Society Night Party Dec 6 w/@opendemnow @ocftw @g0vtw https://t.co/IzHPEhw9aJ,https://twitter.com/g0vtw,g0v.tw | å°ç£é›¶æ™‚æ”¿åºœ,https://twitter.com/g0vtw/status/803854191890415616,2019-12-24T08:03:06.960Z,https://twitter.com/g0vtw,tweets-replies,,,
Sun May 15 00:55:19 +0000 2016,1337150378,g0vtw,#g0vsummit Day 2 unconf: https://t.co/BeIKg0eJtr Sessions resumes with @cshirky keynote at 11:30 (0330UTC) live: https://t.co/hTAfdLsbPU,https://twitter.com/g0vtw,g0v.tw | å°ç£é›¶æ™‚æ”¿åºœ,https://twitter.com/g0vtw/status/731649125930786816,2019-12-24T08:03:06.960Z,https://twitter.com/g0vtw,tweets-replies,,,
Thu May 12 22:35:13 +0000 2016,1337150378,g0vtw,24hr to #g0vsummit. Tune in for 3 parallel sessions at https://t.co/4xbrLAKlHa,https://twitter.com/g0vtw,g0v.tw | å°ç£é›¶æ™‚æ”¿åºœ,https://twitter.com/g0vtw/status/730889090929856513,2019-12-24T08:03:06.960Z,https://twitter.com/g0vtw,tweets-replies,,,
Tue Apr 12 15:47:04 +0000 2016,1337150378,g0vtw,Final call for @g0vtw Summit May 14-15 in Taipei: meet #civichackers from 16 counties &amp; keynote @cshirky @fheusser https://t.co/NnqQURXTDL,https://twitter.com/g0vtw,g0v.tw | å°ç£é›¶æ™‚æ”¿åºœ,https://twitter.com/g0vtw/status/719914739933929472,2019-12-24T08:03:06.960Z,https://twitter.com/g0vtw,tweets-replies,,,
Fri Apr 01 03:38:46 +0000 2016,1337150378,g0vtw,Come join civic hackers around the world at g0v Summit in Taipei May 14-15! Register now: https://t.co/QTGZAb3Vi3 #notaprilfool,https://twitter.com/g0vtw,g0v.tw | å°ç£é›¶æ™‚æ”¿åºœ,https://twitter.com/g0vtw/status/715745193626972160,2019-12-24T08:03:06.960Z,https://twitter.com/g0vtw,tweets-replies,,,
Sat Feb 20 06:09:00 +0000 2016,1337150378,g0vtw,g0v Summit May 2016 in Taipei: last chance to submit talks on #opendata #civictech! Intl early bird tkts open now: https://t.co/QTGZAb3Vi3,https://twitter.com/g0vtw,g0v.tw | å°ç£é›¶æ™‚æ”¿åºœ,https://twitter.com/g0vtw/status/700925097792569344,2019-12-24T08:03:06.960Z,https://twitter.com/g0vtw,tweets-replies,,,
Fri Feb 05 04:30:45 +0000 2016,1337150378,g0vtw,"g0v Summit (May 14-15 2016, Taipei): Call for Talks on â€œFork and Mergeâ€ civic tech and sustainable impacts: https://t.co/C1g7LK0lqQ",https://twitter.com/g0vtw,g0v.tw | å°ç£é›¶æ™‚æ”¿åºœ,https://twitter.com/g0vtw/status/695464553488887809,2019-12-24T08:03:06.960Z,https://twitter.com/g0vtw,tweets-replies,,,
Mon Nov 03 05:34:45 +0000 2014,1337150378,g0vtw,700 people will be at #g0vsummit in Taipei this weekend! weâ€™ll also do live broadcast. Full program: http://t.co/HB5jm2S8du,https://twitter.com/g0vtw,g0v.tw | å°ç£é›¶æ™‚æ”¿åºœ,https://twitter.com/g0vtw/status/529144629384314882,2019-12-24T08:03:06.960Z,https://twitter.com/g0vtw,tweets-replies,,,
Tue Oct 28 06:32:26 +0000 2014,1337150378,g0vtw,RT @OpenParl: Lots to see and learn at @g0vtw Summit 2014! Check out #openparl tracks and sessions here: http://t.co/ZYK6CuqQA9,https://twitter.com/g0vtw,g0v.tw | å°ç£é›¶æ™‚æ”¿åºœ,https://twitter.com/g0vtw/status/526984819998068736,2019-12-24T08:03:06.960Z,https://twitter.com/g0vtw,tweets-replies,,,
Mon Oct 27 12:50:21 +0000 2014,910629895,OpenParl,Lots to see and learn at @g0vtw Summit 2014! Check out #openparl tracks and sessions here: http://t.co/ZYK6CuqQA9,https://twitter.com/OpenParl,OpeningParliament,https://twitter.com/OpenParl/status/526717538001227777,2019-12-24T08:03:06.960Z,https://twitter.com/g0vtw,tweets-replies,,,
Mon Sep 15 16:57:03 +0000 2014,1337150378,g0vtw,International early bird program for the g0v summit now open: http://t.co/sYSgNW0hRO civic hackers from 8 countries with 29 talks in Nov!,https://twitter.com/g0vtw,g0v.tw | å°ç£é›¶æ™‚æ”¿åºœ,https://twitter.com/g0vtw/status/511559331821522944,2019-12-24T08:03:06.960Z,https://twitter.com/g0vtw,tweets-replies,,,
Sat Mar 15 08:17:22 +0000 2014,1337150378,g0vtw,RT @moedict: ç¬¬äºŒæ¬¡ #g0v èŒå…¸æ¾å°‡åœ¨ä¸‹å‘¨å…­ 3/22 èˆ‰è¡Œã€‚ä¸Šæ¬¡èšæœƒæˆåŠŸå‚¬ç”Ÿã€ŒèŒå…¸å­—åœ–ã€ã€ã€Œå…¨æ–‡æª¢ç´¢ã€ã€ã€Œæ‹¼éŸ³æª¢ç´¢ã€ï¼Œé€™æ¬¡å¦‚æœä½ æœŸå¾…çœ‹åˆ°æ›´å¤šæ–°åŠŸèƒ½ï¼Œæˆ–æ˜¯æƒ³é‹ç”¨æ›´å¤šæ•™è‚²éƒ¨çš„é–‹æ”¾è³‡æ–™ï¼Œåˆæˆ–æ˜¯å° g0v.tw ç™¼èµ·çš„å„é …å°ˆæ¡ˆæœ‰èˆˆè¶£ï¼Œéƒ½æ­¡è¿ä¾†åƒåŠ èšæœƒï¼šhttp://tâ€¦,https://twitter.com/g0vtw,g0v.tw | å°ç£é›¶æ™‚æ”¿åºœ,https://twitter.com/g0vtw/status/444749178854313984,2019-12-24T08:03:06.960Z,https://twitter.com/g0vtw,tweets-replies,,,
Sat Mar 15 08:15:10 +0000 2014,1390080912,moedict,ç¬¬äºŒæ¬¡ #g0v èŒå…¸æ¾å°‡åœ¨ä¸‹å‘¨å…­ 3/22 èˆ‰è¡Œã€‚ä¸Šæ¬¡èšæœƒæˆåŠŸå‚¬ç”Ÿã€ŒèŒå…¸å­—åœ–ã€ã€ã€Œå…¨æ–‡æª¢ç´¢ã€ã€ã€Œæ‹¼éŸ³æª¢ç´¢ã€ï¼Œé€™æ¬¡å¦‚æœä½ æœŸå¾…çœ‹åˆ°æ›´å¤šæ–°åŠŸèƒ½ï¼Œæˆ–æ˜¯æƒ³é‹ç”¨æ›´å¤šæ•™è‚²éƒ¨çš„é–‹æ”¾è³‡æ–™ï¼Œåˆæˆ–æ˜¯å° g0v.tw ç™¼èµ·çš„å„é …å°ˆæ¡ˆæœ‰èˆˆè¶£ï¼Œéƒ½æ­¡è¿ä¾†åƒåŠ èšæœƒï¼šhttp://t.co/Wp7j4dK0ew,https://twitter.com/moedict,èŒå…¸,https://twitter.com/moedict/status/444748626447724544,2019-12-24T08:03:06.960Z,https://twitter.com/g0vtw,tweets-replies,,,
Sat Mar 08 17:19:55 +0000 2014,1337150378,g0vtw,RT @ricep0d: Sometimes twitter is the greatest. http://t.co/1tKxRSSnQu,https://twitter.com/g0vtw,g0v.tw | å°ç£é›¶æ™‚æ”¿åºœ,https://twitter.com/g0vtw/status/442349003796017152,2019-12-24T08:03:06.960Z,https://twitter.com/g0vtw,tweets-replies,,,
Thu Mar 06 01:29:37 +0000 2014,1002441,thataliceqin,Sometimes twitter is the greatest. http://t.co/1tKxRSSnQu,https://twitter.com/thataliceqin,Alice Qin,https://twitter.com/thataliceqin/status/441385077193183232,2019-12-24T08:03:06.960Z,https://twitter.com/g0vtw,tweets-replies,,,
Sat Feb 22 13:51:10 +0000 2014,1337150378,g0vtw,"90+ at #codeacross #taiwan #odd14 #g0v: awesome mix of developers,{web,graphics,urban} designers,public servants,film makers and activists",https://twitter.com/g0vtw,g0v.tw | å°ç£é›¶æ™‚æ”¿åºœ,https://twitter.com/g0vtw/status/437223040175194112,2019-12-24T08:03:06.960Z,https://twitter.com/g0vtw,tweets-replies,,,
Fri Feb 21 14:50:21 +0000 2014,1337150378,g0vtw,100 people at #codeacross Taipei in 10 hours! http://t.co/ErnG6A7kuw #odd2014 #opengov #opendata #taiwan #g0v,https://twitter.com/g0vtw,g0v.tw | å°ç£é›¶æ™‚æ”¿åºœ,https://twitter.com/g0vtw/status/436875546664792065,2019-12-24T08:03:06.960Z,https://twitter.com/g0vtw,tweets-replies,,,
Fri Feb 07 14:33:23 +0000 2014,1337150378,g0vtw,#opendataday #g0v hackath7n (2014-02-22) registration opens 2/10 noon | å°ç£é›¶æ™‚æ”¿åºœç¬¬æŸ’æ¬¡è‡ªç”±æ™‚ä»£é»‘å®¢æ¾ï¼Œå°‡æ–¼ 2/22(å…­) èˆ‰è¾¦ï¼Œ2/10(ä¸€) ä¸­åˆé–‹æ”¾å ±å http://t.co/Yk6B3xhXew,https://twitter.com/g0vtw,g0v.tw | å°ç£é›¶æ™‚æ”¿åºœ,https://twitter.com/g0vtw/status/431797844530307072,2019-12-24T08:03:06.960Z,https://twitter.com/g0vtw,tweets-replies,,,
Fri Dec 13 07:05:10 +0000 2013,1337150378,g0vtw,RT @audreyt: 1960 å¹´ä»£çš„çš„åŸºé€²åœ˜é«”ï¼Œå¸¸çµ¦äººå–œæ­¡æ´¾ç³»é¬¥çˆ­çš„å½¢è±¡ï¼šé›–ç„¶æœ‰å…±é€šçš„åŸºæœ¬åŸå‰‡ï¼Œå»å› ç‚ºç­–ç•¥ä¸Šçš„åˆ†æ­§è€Œå½¼æ­¤ç‚ºæ•µã€‚ç„¡è«–å¯¦éš›æœ‰å¹¾åˆ†çœŸå¯¦æ€§ï¼Œç¸½çµ¦äººé€™æ¨£çš„å°è±¡ã€‚è‡ªç”±è»Ÿé«”èˆ‡é–‹æ”¾æºç¢¼é‹å‹•å‰›å¥½ç›¸åï¼šå…©è€…çš„åŸºæœ¬åŸå‰‡æˆªç„¶ä¸åŒï¼Œä½†å¯¦å‹™å±¤é¢çš„ç­–ç•¥å»å¤§åŒå°ç•°ã€‚å› æ­¤åœ¨è¨±å¤šå…·é«”çš„å°ˆæ¡ˆä¸Šâ€¦,https://twitter.com/g0vtw,g0v.tw | å°ç£é›¶æ™‚æ”¿åºœ,https://twitter.com/g0vtw/status/411391325817159680,2019-12-24T08:03:06.960Z,https://twitter.com/g0vtw,tweets-replies,,,
Fri Dec 13 06:37:58 +0000 2013,7403862,audreyt,1960 å¹´ä»£çš„çš„åŸºé€²åœ˜é«”ï¼Œå¸¸çµ¦äººå–œæ­¡æ´¾ç³»é¬¥çˆ­çš„å½¢è±¡ï¼šé›–ç„¶æœ‰å…±é€šçš„åŸºæœ¬åŸå‰‡ï¼Œå»å› ç‚ºç­–ç•¥ä¸Šçš„åˆ†æ­§è€Œå½¼æ­¤ç‚ºæ•µã€‚ç„¡è«–å¯¦éš›æœ‰å¹¾åˆ†çœŸå¯¦æ€§ï¼Œç¸½çµ¦äººé€™æ¨£çš„å°è±¡ã€‚è‡ªç”±è»Ÿé«”èˆ‡é–‹æ”¾æºç¢¼é‹å‹•å‰›å¥½ç›¸åï¼šå…©è€…çš„åŸºæœ¬åŸå‰‡æˆªç„¶ä¸åŒï¼Œä½†å¯¦å‹™å±¤é¢çš„ç­–ç•¥å»å¤§åŒå°ç•°ã€‚å› æ­¤åœ¨è¨±å¤šå…·é«”çš„å°ˆæ¡ˆä¸Šï¼Œæˆ‘å€‘éƒ½èƒ½å”åŠ›åˆä½œã€‚â€”RMS,https://twitter.com/audreyt,Audrey Tang å”é³³,https://twitter.com/audreyt/status/411384482512396289,2019-12-24T08:03:06.960Z,https://twitter.com/g0vtw,tweets-replies,,,
Fri Dec 06 13:49:56 +0000 2013,1337150378,g0vtw,#g0v hackath6n (2013-12-21) registration opens 12/9 noon | å°ç£é›¶æ™‚æ”¿åºœç¬¬é™¸æ¬¡å‹å‹•åŸºæº–é»‘å®¢æ¾ï¼Œå°‡æ–¼ 12/21(å…­) èˆ‰è¾¦ï¼Œ12/9(ä¸€) ä¸­åˆé–‹æ”¾å ±åï¼šhttp://t.co/AyG4XdGEc6,https://twitter.com/g0vtw,g0v.tw | å°ç£é›¶æ™‚æ”¿åºœ,https://twitter.com/g0vtw/status/408956475399077888,2019-12-24T08:03:06.960Z,https://twitter.com/g0vtw,tweets-replies,,,
Fri Oct 04 13:12:28 +0000 2013,1337150378,g0vtw,#g0v hackath5n (2013-10-20) registration opens 10/7 noon | å°ç£é›¶æ™‚æ”¿åºœç¬¬ä¼æ¬¡ç¾éº—å³¶é»‘å®¢æ¾ï¼Œå°‡æ–¼ 10/20(æ—¥) èˆ‰è¾¦ï¼Œ10/7(ä¸€) ä¸­åˆé–‹æ”¾å ±åï¼šhttp://t.co/cGdAZH6Caw,https://twitter.com/g0vtw,g0v.tw | å°ç£é›¶æ™‚æ”¿åºœ,https://twitter.com/g0vtw/status/386116609288323072,2019-12-24T08:03:06.960Z,https://twitter.com/g0vtw,tweets-replies,,,
Tue Aug 06 15:31:25 +0000 2013,1337150378,g0vtw,#g0v hackath4n (2013-08-10) 30 more tickets available 8/7 noon | å°ç£é›¶æ™‚æ”¿åºœç¬¬è‚†æ¬¡åœ‹æ°‘å¤§æœƒé»‘å®¢æ¾å¢é¡ç¥¨ï¼Œå°‡æ–¼ 8/7(ä¸‰) é–‹æ”¾ä¸‰åå€‹åé¡: http://t.co/X14uU2YmPj,https://twitter.com/g0vtw,g0v.tw | å°ç£é›¶æ™‚æ”¿åºœ,https://twitter.com/g0vtw/status/364770696838127618,2019-12-24T08:03:06.960Z,https://twitter.com/g0vtw,tweets-replies,,,
Fri Jul 26 15:33:29 +0000 2013,1337150378,g0vtw,#g0v hackath4n (2013-08-10) registration opens 7/29 noon | å°ç£é›¶æ™‚æ”¿åºœç¬¬è‚†æ¬¡åœ‹æ°‘å¤§æœƒé»‘å®¢æ¾ï¼Œå°‡æ–¼ 8/10(å…­) èˆ‰è¾¦ï¼Œ7/29(ä¸€) ä¸­åˆé–‹æ”¾å ±åï¼šhttp://t.co/X14uU2YmPj,https://twitter.com/g0vtw,g0v.tw | å°ç£é›¶æ™‚æ”¿åºœ,https://twitter.com/g0vtw/status/360784947851694080,2019-12-24T08:03:06.960Z,https://twitter.com/g0vtw,tweets-replies,,,
Fri May 24 12:44:36 +0000 2013,1337150378,g0vtw,g0v.tw hackath3n | å°ç£é›¶æ™‚æ”¿åºœç¬¬åƒæ¬¡å®¢å»³å·¥å» é»‘å®¢æ¾ 6/8(å…­) ä¸­ç ”é™¢ã€‚5/27(ä¸€) 12:00 é–‹æ”¾å ±å: http://t.co/qsvYry1hZ7 hackfoldr: http://t.co/ybuLzSN6Bd,https://twitter.com/g0vtw,g0v.tw | å°ç£é›¶æ™‚æ”¿åºœ,https://twitter.com/g0vtw/status/337912011432292353,2019-12-24T08:03:06.960Z,https://twitter.com/g0vtw,tweets-replies,,,