userId,screenName,profileUrl,name,imgUrl,backgroundImg,bio,website,location,createdAt,followers_count,friendsCount,query,timestamp,certified
1306833672,ogasawara_yoshi,https://twitter.com/ogasawara_yoshi,ogasawara_yoshiyuki,http://pbs.twimg.com/profile_images/1006336311215644672/ztzayEXB_normal.jpg,https://pbs.twimg.com/profile_banners/1306833672/1528764881,"å°æ¹¾æ”¿æ²»ï¼Œç·çµ±é¸æŒ™ï¼Œä¸­å°é–¢
ä¿‚ã®ç ”ç©¶ã‚’ã—ã¦ã„ã¾ã™ã€‚
Doing research on the Taiwanese politics, the Presidential Election in Taiwan, and Taiwan-China relations.",https://t.co/T6sPIxtF7S,æ±äº¬éƒ½,Wed Mar 27 08:00:08 +0000 2013,25,10,https://twitter.com/KP_Taipei,2019-12-24T07:46:22.845Z,
70547127,isaacstonefish,https://twitter.com/isaacstonefish,Isaac Stone Fish,http://pbs.twimg.com/profile_images/1008831255390105605/s-oijo_o_normal.jpg,https://pbs.twimg.com/profile_banners/70547127/1455549043,"Contributing columnist, Washington Post Global Opinions. Speaker. Senior fellow, Asia Society. Contributor, @CBSN. Visiting Fellow, @GMF.",,ä¸‹ä¸œåŒºï¼ŒNYC,Tue Sep 01 00:28:23 +0000 2009,27073,3700,https://twitter.com/KP_Taipei,2019-12-24T07:46:22.845Z,Certified
106293742,grzegorzewskif,https://twitter.com/grzegorzewskif,Filip Grzegorzewski ğŸ‡ªğŸ‡º,http://pbs.twimg.com/profile_images/1185935876825595905/Vufsc3gi_normal.jpg,https://pbs.twimg.com/profile_banners/106293742/1571660238,"EU Representative in Taiwan, Head of European Economic and Trade Office #EUinTheWorld #EUDiplomacy #EUinTaiwan  RT â‰  endorsement",https://t.co/GLMMZRnZfi,"Taipei City, Taiwan",Tue Jan 19 03:00:29 +0000 2010,471,196,https://twitter.com/KP_Taipei,2019-12-24T07:46:22.845Z,Certified
154203577,DavidColladoM,https://twitter.com/DavidColladoM,David Collado,http://pbs.twimg.com/profile_images/765537609456070656/yNnOmC9d_normal.jpg,https://pbs.twimg.com/profile_banners/154203577/1575938727,"Alcalde del Distrito Nacional, Ciudad Primada de AmÃ©rica, Ciudadano, PolÃ­tico y Emprendedor.",,Rep. Dominicana,Thu Jun 10 17:00:10 +0000 2010,149147,152,https://twitter.com/KP_Taipei,2019-12-24T07:46:22.845Z,
2967194363,suea_thornton,https://twitter.com/suea_thornton,Susan Thornton,http://pbs.twimg.com/profile_images/1055635026656813056/rTCbtoqv_normal.jpg,,"diplomat/farmer, China geek, high on responsibility and getting to yes. UPBEAT is Better!",https://t.co/otPadvCQsU,"Maine, USA",Thu Jan 08 03:38:42 +0000 2015,2613,311,https://twitter.com/KP_Taipei,2019-12-24T07:46:22.845Z,
20736511,nayibbukele,https://twitter.com/nayibbukele,Nayib Bukele,http://pbs.twimg.com/profile_images/1153142911367864320/ySXOv7KQ_normal.jpg,https://pbs.twimg.com/profile_banners/20736511/1526009709,PapÃ¡ de Layla,https://t.co/qJscJ6asl7,El Salvador,Fri Feb 13 00:52:07 +0000 2009,1230077,562,https://twitter.com/KP_Taipei,2019-12-24T07:46:22.845Z,Certified
1023756819125039100,taiwantfc,https://twitter.com/taiwantfc,å°ç£äº‹å¯¦æŸ¥æ ¸ä¸­å¿ƒ TFC,http://pbs.twimg.com/profile_images/1023756938167836672/XpGkA6nL_normal.png,https://pbs.twimg.com/profile_banners/1023756819125039104/1556780319,Taiwan Fact Check Center,https://t.co/v60FBR7cA6,"å°åŒ—å¸‚, å°ç£",Mon Jul 30 02:27:00 +0000 2018,6722,118,https://twitter.com/KP_Taipei,2019-12-24T07:46:22.845Z,Certified
826557130916380700,GrahamTAllison,https://twitter.com/GrahamTAllison,Graham Allison,http://pbs.twimg.com/profile_images/878285558849703941/CR25zbT6_normal.jpg,https://pbs.twimg.com/profile_banners/826557130916380673/1541452984,"Douglas Dillon Professor @Kennedy_School | Former Director @BelferCenter | Author of ""Destined for War: Can America and China Escape Thucydides Trap?""",https://t.co/IqYzt6sRca,"Cambridge, MA",Tue Jan 31 22:25:51 +0000 2017,9187,424,https://twitter.com/KP_Taipei,2019-12-24T07:46:22.845Z,Certified
24295482,davidwebbshow,https://twitter.com/davidwebbshow,David Webb,http://pbs.twimg.com/profile_images/859913302117318657/0kuQZV0A_normal.jpg,https://pbs.twimg.com/profile_banners/24295482/1556752978,"SiriusXM Patriot host M-F 9am east/6am west. Host of Reality Check on Fox Nation, Fox News contributor, The Hill columnist, RTs â‰  endorsements.",,New York City,Sat Mar 14 00:51:43 +0000 2009,162842,587,https://twitter.com/KP_Taipei,2019-12-24T07:46:22.845Z,Certified
52335585,PeoPo_PTS,https://twitter.com/PeoPo_PTS,PeoPo å…¬æ°‘æ–°è,http://pbs.twimg.com/profile_images/289999647/peopo150_normal.jpg,,"PeoPo å…¬æ°‘æ–°èå¹³å° PeoPo Citizen Journalism Platformï¼Œè²¡åœ˜æ³•äººå…¬å…±é›»è¦–æ–‡åŒ–äº‹æ¥­åŸºé‡‘æœƒï¼ŒTaiwan Public Television Service Foundation.æ­¡è¿åŠ å…¥æˆç‚ºå…¬æ°‘è¨˜è€…ï¼Œåœ¨åœ°ç´®æ ¹+å‘å¤–ç™¼è²,ï¼Œçµåˆç¶²è·¯+é›»è¦–+å¯¦é«”æ´»å‹•çš„å…¬æ°‘æ–°èå¹³å°",http://t.co/Y9rTriDSB6,"Taipei, Taiwan",Tue Jun 30 07:34:52 +0000 2009,4420,4,https://twitter.com/KP_Taipei,2019-12-24T07:46:22.845Z,
97010661,KishiNobuo,https://twitter.com/KishiNobuo,å²¸ä¿¡å¤«,http://pbs.twimg.com/profile_images/540168051870547968/FT-C3cJZ_normal.jpeg,https://pbs.twimg.com/profile_banners/97010661/1533617248,è¡†è­°é™¢è­°å“¡ã€è‡ªæ°‘å…šå±±å£çœŒé€£ä¼šé•·ã€è¡†è­°é™¢å®‰å…¨ä¿éšœå§”å“¡é•·ã€å½“é¸3å›ã€å±±å£çœŒç¬¬äºŒé¸æŒ™åŒºã€‚å›½ä¼šå¯¾ç­–å‰¯å§”å“¡é•·ã€è­°é™¢é‹å–¶å§”å“¡ä¼šç†äº‹ã€å¤–å‹™å§”å“¡é•·ã€å¤–å‹™å‰¯å¤§è‡£ã€è‡ªæ°‘å…šå¤–äº¤éƒ¨ä¼šé•· å‚è­°é™¢è­°å“¡ å½“é¸2å›ï¼ˆ2004å¹´åˆå½“é¸ï¼‰ å¤–äº¤é˜²è¡›å§”å“¡ä¼šç­†é ­ç†äº‹ã€æ²–ç¸„ãƒ»åŒ—æ–¹å•é¡Œç‰¹åˆ¥å§”å“¡é•·ã€é˜²è¡›å¤§è‡£æ”¿å‹™å®˜ ä½å‹å•†äº‹å‹¤å‹™ï¼ˆæœ¬ç¤¾ãƒ»ç±³å›½ãƒ»è±ªå·ãƒ»ãƒ™ãƒˆãƒŠãƒ ï¼‰21å¹´,https://t.co/VanvluGyTk,å±±å£çœŒ,Tue Dec 15 16:22:18 +0000 2009,13833,217,https://twitter.com/KP_Taipei,2019-12-24T07:46:22.845Z,Certified
906833760972267500,CWMedia2017,https://twitter.com/CWMedia2017,CommonWealthMagazine,http://pbs.twimg.com/profile_images/983913292300107776/kHjO1Zgc_normal.jpg,https://pbs.twimg.com/profile_banners/906833760972267521/1534318373,As Taiwanâ€™s Most Influential Economic News Media known CommonWealth Magazine English Website offers in-depth information on Taiwan and the greater China region.,https://t.co/wIUpgrrJqP,Taiwan,Sun Sep 10 10:56:31 +0000 2017,440,195,https://twitter.com/KP_Taipei,2019-12-24T07:46:22.845Z,
597280883,AmChamTaipei,https://twitter.com/AmChamTaipei,AmCham Taipei,http://pbs.twimg.com/profile_images/3156020898/2c151b8429d1932d1d89289e33d5070b_normal.png,https://pbs.twimg.com/profile_banners/597280883/1558339848,The American Chamber of Commerce in Taipei (AmCham Taipei) is an international business organization in Taiwan. (RT & Follows do not constitute endorsement.),http://t.co/iG7zB1fdCi,Taiwan,Sat Jun 02 10:16:21 +0000 2012,3689,211,https://twitter.com/KP_Taipei,2019-12-24T07:46:22.845Z,Certified
169426475,JunckerEU,https://twitter.com/JunckerEU,Jean-Claude Juncker,http://pbs.twimg.com/profile_images/882148227906228224/Vjpsr0BS_normal.jpg,https://pbs.twimg.com/profile_banners/169426475/1575155030,Luxembourger. European.,https://t.co/SQlkcFlKEd,Europe,Thu Jul 22 09:12:28 +0000 2010,757446,954,https://twitter.com/KP_Taipei,2019-12-24T07:46:22.845Z,Certified
157981564,EU_Commission,https://twitter.com/EU_Commission,European Commission ğŸ‡ªğŸ‡º,http://pbs.twimg.com/profile_images/1204460126792507394/1lhsC5E9_normal.jpg,https://pbs.twimg.com/profile_banners/157981564/1576848966,News and information from the European Commission. Tweets by the Social Media Team.,https://t.co/2HnQtKhvZ6,"Brussels, Belgium",Mon Jun 21 12:28:34 +0000 2010,1191201,877,https://twitter.com/KP_Taipei,2019-12-24T07:46:22.845Z,Certified
104388107,konotarogomame,https://twitter.com/konotarogomame,æ²³é‡å¤ªéƒ,http://pbs.twimg.com/profile_images/1182051179582251009/c9OguLXD_normal.jpg,,è¡†è­°é™¢è­°å“¡ æ¹˜å—ãƒ™ãƒ«ãƒãƒ¼ãƒ¬å…ƒä»£è¡¨å–ç· å½¹ æ¹˜å—å›½éš›ãƒãƒ©ã‚½ãƒ³å¤§ä¼šä¼šé•· https://t.co/8vqXuhoXmD @konotaromp for tweets in English.,https://t.co/WLA8uDxs6a,æ¹˜å—,Wed Jan 13 05:13:06 +0000 2010,1222904,695,https://twitter.com/KP_Taipei,2019-12-24T07:46:22.845Z,Certified
36042554,RoyalFamily,https://twitter.com/RoyalFamily,The Royal Family,http://pbs.twimg.com/profile_images/1194195825838174208/IqIyECgx_normal.jpg,https://pbs.twimg.com/profile_banners/36042554/1573553447,"Updates, pictures and videos from Buckingham Palace about the work and activities of The Queen and members of The Royal Family.",https://t.co/u87QMImjnO,United Kingdom,Tue Apr 28 11:31:02 +0000 2009,4095017,532,https://twitter.com/KP_Taipei,2019-12-24T07:46:22.845Z,Certified
2467791,washingtonpost,https://twitter.com/washingtonpost,The Washington Post,http://pbs.twimg.com/profile_images/1060271522319925257/fJKwJ0r2_normal.jpg,https://pbs.twimg.com/profile_banners/2467791/1469484132,"Breaking news, analysis, and opinion. Founded in 1877. Our staff on Twitter: https://t.co/VV0UBAMHg8",http://t.co/Hq7hTYkOPg,"Washington, DC",Tue Mar 27 11:19:39 +0000 2007,14559985,1656,https://twitter.com/KP_Taipei,2019-12-24T07:46:22.845Z,Certified
3108351,WSJ,https://twitter.com/WSJ,The Wall Street Journal,http://pbs.twimg.com/profile_images/971415515754266624/zCX0q9d5_normal.jpg,https://pbs.twimg.com/profile_banners/3108351/1562333209,Breaking news and features from https://t.co/GhhR6PLfem.,https://t.co/GhhR6PLfem,"New York, NY",Sun Apr 01 06:22:13 +0000 2007,17100994,1120,https://twitter.com/KP_Taipei,2019-12-24T07:46:22.845Z,Certified
216776631,BernieSanders,https://twitter.com/BernieSanders,Bernie Sanders,http://pbs.twimg.com/profile_images/1097820307388334080/9ddg5F6v_normal.png,https://pbs.twimg.com/profile_banners/216776631/1574466140,U.S. Senator from Vermont and candidate for President of the United States.,https://t.co/jpg8Sp1GhR,Vermont,Wed Nov 17 17:53:52 +0000 2010,10122304,1442,https://twitter.com/KP_Taipei,2019-12-24T07:46:22.845Z,Certified
216776631,BernieSanders,https://twitter.com/BernieSanders,Bernie Sanders,http://pbs.twimg.com/profile_images/1097820307388334080/9ddg5F6v_normal.png,https://pbs.twimg.com/profile_banners/216776631/1574466140,U.S. Senator from Vermont and candidate for President of the United States.,https://t.co/jpg8Sp1GhR,Vermont,Wed Nov 17 17:53:52 +0000 2010,10122304,1442,https://twitter.com/KP_Taipei,2019-12-24T07:46:23.462Z,Certified
109488235,Yomiuri_Online,https://twitter.com/Yomiuri_Online,èª­å£²æ–°èã‚ªãƒ³ãƒ©ã‚¤ãƒ³,http://pbs.twimg.com/profile_images/1091035339232227328/elp0X_L6_normal.jpg,https://pbs.twimg.com/profile_banners/109488235/1547714346,"èª­å£²æ–°èã®ãƒ‹ãƒ¥ãƒ¼ã‚¹ã‚µã‚¤ãƒˆã§ã™ã€‚ã©ã“ã‚ˆã‚Šã‚‚ã€Œé€Ÿãã€ã€Œé¢ç™½ãã€ã€Œå½¹ã«ç«‹ã¤ã€ãŒãƒ¢ãƒƒãƒˆãƒ¼ã§ã™ã€‚ã‚ã‚‰ã‚†ã‚‹ã‚¸ãƒ£ãƒ³ãƒ«ã‹ã‚‰ã€Œæ—¬ã®ãƒ‹ãƒ¥ãƒ¼ã‚¹ã€ã‚’ãŠå±Šã‘ã—ã¾ã™ã€‚
ãªãŠã€ä¸é©åˆ‡ã¨åˆ¤æ–­ã—ãŸã‚³ãƒ¡ãƒ³ãƒˆã¯å‰Šé™¤ã™ã‚‹å ´åˆãŒã‚ã‚Šã¾ã™ã€‚

Facebookãƒšãƒ¼ã‚¸ã¯ã“ã¡ã‚‰â†’https://t.co/v3fpO8KBBY",http://t.co/eUA075GYOq,æ±äº¬éƒ½åƒä»£ç”°åŒº,Fri Jan 29 06:14:45 +0000 2010,716837,54,https://twitter.com/KP_Taipei,2019-12-24T07:46:23.462Z,Certified
791197,bbcchinese,https://twitter.com/bbcchinese,BBC News ä¸­æ–‡,http://pbs.twimg.com/profile_images/1004638591308435457/tiacF_Yg_normal.jpg,https://pbs.twimg.com/profile_banners/791197/1538550757,"This is the official Twitter account for https://t.co/WIuH5wauhH, the BBC's Chinese language news service. è¿™æ˜¯BBC News ä¸­æ–‡çš„æ­£å¼æ¨ç‰¹å¸æˆ·ã€‚",http://t.co/Gkq7tmfV5I,"W1A 1AA, U.K.",Fri Feb 23 17:46:38 +0000 2007,1616388,232,https://twitter.com/KP_Taipei,2019-12-24T07:46:23.462Z,Certified
143810986,dw_chinese,https://twitter.com/dw_chinese,DW ä¸­æ–‡- å¾·å›½ä¹‹å£°,http://pbs.twimg.com/profile_images/905053498173214721/3PZLD_5D_normal.jpg,https://pbs.twimg.com/profile_banners/143810986/1576062182,å¾·å›½ä¹‹å£°ä¸­æ–‡å®˜æ–¹æ¨ç‰¹ï¼šå¾·å›½å›½é™…å¹¿æ’­ç”µå°ä¸­æ–‡èµ„è®¯æœåŠ¡ï¼Œæ¥è‡ªå¾·å›½ï¼Œä»‹ç»å¾·å›½ï¼Œèšç„¦åè¯­åŒºæ—¶æ”¿ã€ç»æµã€ç¤¾ä¼šæ–°é—»ï¼Œä¸ºæ‚¨æä¾›å¤šåª’ä½“ä¿¡æ¯æœåŠ¡ã€èƒŒæ™¯æŠ¥é“ã€è§‚ç‚¹è¯„è®ºã€‚æ¬¢è¿ç§¯æå‚ä¸äº’åŠ¨!http://t.co/oMbOaq3Zcw,http://t.co/Z16eWjXA2b,å¾·å›½ æ³¢æ©,Fri May 14 13:16:33 +0000 2010,236069,9,https://twitter.com/KP_Taipei,2019-12-24T07:46:23.462Z,Certified
3232393554,initiumnews,https://twitter.com/initiumnews,ç«¯å‚³åª’ Initium Media,http://pbs.twimg.com/profile_images/749869876836118528/2aTsW9Zq_normal.jpg,https://pbs.twimg.com/profile_banners/3232393554/1574626808,ç«‹è¶³é¦™æ¸¯ï¼Œæ”¾çœ¼å…¨çƒï¼›æ¢æ±‚æœ¬æºï¼Œä¸åä¸å€šï¼›æ·±åº¦èª¿æŸ¥ï¼Œæ•¸æ“šæŒ–æ˜ï¼Œè¯èªåª’é«”æ–°é–‹ç«¯ã€‚,http://t.co/mHcE4gjNZ0,Hong Kong,Mon Jun 01 10:16:14 +0000 2015,140141,428,https://twitter.com/KP_Taipei,2019-12-24T07:46:23.462Z,Certified
42816371,asahi,https://twitter.com/asahi,æœæ—¥æ–°è(asahi shimbunï¼‰,http://pbs.twimg.com/profile_images/266385410/aicon_normal.png,,æœæ—¥æ–°èç¤¾ãŒé‹å–¶ã™ã‚‹å…¬å¼ãƒ‹ãƒ¥ãƒ¼ã‚¹ã‚¢ã‚«ã‚¦ãƒ³ãƒˆã§ã™ã€‚æœ€æ–°ã®ãƒ‹ãƒ¥ãƒ¼ã‚¹é€Ÿå ±ã‚„æ—¬ã®è©±é¡Œã‚’é…ä¿¡ã—ã¾ã™ã€‚æœæ—¥æ–°èç¤¾ã‹ã‚‰ã®ãŠçŸ¥ã‚‰ã›ã‚„ãŠå¾—ãªæƒ…å ±ã‚‚æ™‚ã€…æµã‚Œã¾ã™ã€‚Facebookãƒšãƒ¼ã‚¸ã¯ http://t.co/qKDxsI6YnX ã§ã™ã€‚,http://t.co/KAw1Ty80Mq,æ±äº¬éƒ½ä¸­å¤®åŒº,Wed May 27 04:37:57 +0000 2009,1221466,315,https://twitter.com/KP_Taipei,2019-12-24T07:46:23.462Z,Certified
89631948,ecoyuri,https://twitter.com/ecoyuri,å°æ± ç™¾åˆå­,http://pbs.twimg.com/profile_images/754526746716676099/CjjisH33_normal.jpg,https://pbs.twimg.com/profile_banners/89631948/1415942542,"Yuriko Koike Governor of Tokyo. Former Minister of Defence, Minister of the Environment, Member, House of Representatives. Japan æ±äº¬éƒ½çŸ¥äº‹ã€‚å…ƒè¡†è­°é™¢è­°å“¡ã€‚ç’°å¢ƒå¤§è‡£ã€é˜²è¡›å¤§è‡£ã€‚",https://t.co/xJVcaAMfA2,,Fri Nov 13 05:12:02 +0000 2009,565781,602,https://twitter.com/KP_Taipei,2019-12-24T07:46:23.462Z,Certified
373808858,duncanik,https://twitter.com/duncanik,Duncan Innes-Ker,http://pbs.twimg.com/profile_images/648776781617569792/kD9TB_Rh_normal.jpg,https://pbs.twimg.com/profile_banners/373808858/1443515543,"Senior Director, Fitch Wire.",https://t.co/jxdVPdvEO5,Hong Kong,Thu Sep 15 06:37:08 +0000 2011,2001,674,https://twitter.com/KP_Taipei,2019-12-24T07:46:23.462Z,
807095,nytimes,https://twitter.com/nytimes,The New York Times,http://pbs.twimg.com/profile_images/1098244578472280064/gjkVMelR_normal.png,https://pbs.twimg.com/profile_banners/807095/1575122045,"News tips? Share them here: https://t.co/ghL9OoYKMM

""The Weekly"" is our new TV series. Episodes air Sundays at 10 p.m. on FX and on Hulu the next day.",http://t.co/ahvuWqicF9,New York City,Fri Mar 02 20:41:42 +0000 2007,44671242,899,https://twitter.com/KP_Taipei,2019-12-24T07:46:23.462Z,Certified
5988062,TheEconomist,https://twitter.com/TheEconomist,The Economist,http://pbs.twimg.com/profile_images/879361767914262528/HdRauDM-_normal.jpg,https://pbs.twimg.com/profile_banners/5988062/1576685339,News and analysis with a global perspective. Subscribe here: https://t.co/owztJzwlmm,https://t.co/pN0OAmG4SP,London,Sat May 12 13:04:50 +0000 2007,24209237,121,https://twitter.com/KP_Taipei,2019-12-24T07:46:23.462Z,Certified
468122115,AbeShinzo,https://twitter.com/AbeShinzo,å®‰å€æ™‹ä¸‰,http://pbs.twimg.com/profile_images/1765776666/s-abetwitter1_normal.png,https://pbs.twimg.com/profile_banners/468122115/1507347517,"è¡†è­°é™¢è­°å“¡å®‰å€æ™‹ä¸‰ï¼ˆã‚ã¹ã—ã‚“ãã†ï¼‰ã®å…¬å¼twitterã§ã™ã€‚ 
Prime Minister of Japan. Leader of Liberal Democratic Party.",http://t.co/hTEyS9iLvU,,Thu Jan 19 06:02:29 +0000 2012,1614672,18,https://twitter.com/KP_Taipei,2019-12-24T07:46:23.462Z,Certified
813286,BarackObama,https://twitter.com/BarackObama,Barack Obama,http://pbs.twimg.com/profile_images/822547732376207360/5g0FC8XX_normal.jpg,https://pbs.twimg.com/profile_banners/813286/1502508746,"Dad, husband, President, citizen.",https://t.co/93Y27HEnnX,"Washington, DC",Mon Mar 05 22:08:25 +0000 2007,110898545,610103,https://twitter.com/KP_Taipei,2019-12-24T07:46:23.462Z,Certified
25073877,realDonaldTrump,https://twitter.com/realDonaldTrump,Donald J. Trump,http://pbs.twimg.com/profile_images/874276197357596672/kUuht00m_normal.jpg,https://pbs.twimg.com/profile_banners/25073877/1560920145,45th President of the United States of AmericağŸ‡ºğŸ‡¸,https://t.co/OMxB0x7xC5,"Washington, DC",Wed Mar 18 13:46:38 +0000 2009,67888073,48,https://twitter.com/KP_Taipei,2019-12-24T07:46:23.462Z,Certified
4743466740,ErdalElver,https://twitter.com/ErdalElver,Erdal Elver,http://pbs.twimg.com/profile_images/723408674325061633/fT40RS8x_normal.jpg,https://pbs.twimg.com/profile_banners/4743466740/1470014627,CEO of @Siemens Taiwan.,,Taiwan,Mon Jan 11 14:12:24 +0000 2016,55,23,https://twitter.com/KP_Taipei,2019-12-24T07:46:23.462Z,
2964865881,USAsiaPacific,https://twitter.com/USAsiaPacific,EAP Bureau,http://pbs.twimg.com/profile_images/937761521685409792/Wm3YjBel_normal.jpg,https://pbs.twimg.com/profile_banners/2964865881/1576593892,Official Twitter account of @StateDept's Bureau of East Asian and Pacific Affairs.,https://t.co/VWKLD7vXq5,"Washington, DC",Tue Jan 06 20:30:43 +0000 2015,17560,798,https://twitter.com/KP_Taipei,2019-12-24T07:46:23.462Z,Certified
242910809,WalterLohman,https://twitter.com/WalterLohman,Walter Lohman,http://pbs.twimg.com/profile_images/1225738869/Pic__normal.png,,"Director of the Asian Studies Center @Heritage. Free market conservative, adult. Unofficial, personal tweets.",https://t.co/1wbWyN8Cvn,"Washington, DC",Tue Jan 25 21:50:01 +0000 2011,1870,348,https://twitter.com/KP_Taipei,2019-12-24T07:46:23.462Z,
78403308,SenatorIsakson,https://twitter.com/SenatorIsakson,Johnny Isakson,http://pbs.twimg.com/profile_images/543499427365650432/JitEqhDZ_normal.jpeg,https://pbs.twimg.com/profile_banners/78403308/1488812068,"U.S. Senator Johnny Isakson, R-Ga. | Committees: Veterans' Affairs, Chairman; Ethics, Chairman; Foreign Relations; HELP; Finance.
Keep comments family friendly.",http://t.co/n3mMYfmg5C,GA & DC,Tue Sep 29 20:09:30 +0000 2009,70313,461,https://twitter.com/KP_Taipei,2019-12-24T07:46:23.462Z,Certified
42805074,syaru,https://twitter.com/syaru,Syaru Shirley Lin,http://pbs.twimg.com/profile_images/378800000510491769/03a6ae8bd5382eab4ec30c6302e4892d_normal.jpeg,,Author of Taiwan's China Dilemma. Teaches at UVA and CUHK. #TaiwansChinaDilemma,https://t.co/JY3ELuM3Eh,,Wed May 27 03:29:00 +0000 2009,639,113,https://twitter.com/KP_Taipei,2019-12-24T07:46:23.462Z,
1305203971,RichardBushIII,https://twitter.com/RichardBushIII,Richard C. Bush/åœç¿å“²,http://pbs.twimg.com/profile_images/344513261575194113/6601820e8826c84a0211b8ccff241b15_normal.jpeg,,,,,Tue Mar 26 18:24:01 +0000 2013,4167,643,https://twitter.com/KP_Taipei,2019-12-24T07:46:23.462Z,
98743721,KlaasVerschuure,https://twitter.com/KlaasVerschuure,Klaas Verschuure,http://pbs.twimg.com/profile_images/1009797919766171649/gQZBWKb3_normal.jpg,https://pbs.twimg.com/profile_banners/98743721/1576274458,Wethouder @GemeenteUtrecht I Ruimtelijke Ontwikkeling | Leidsche Rijn | EZ | Circulaire Economie| MBO | Vuelta | Wijk Noordwest | @d66utrecht,https://t.co/IhMgSvG4R7,Utrecht,Tue Dec 22 23:25:22 +0000 2009,3473,1477,https://twitter.com/KP_Taipei,2019-12-24T07:46:23.462Z,
305818748,KeishaBottoms,https://twitter.com/KeishaBottoms,Keisha Lance Bottoms,http://pbs.twimg.com/profile_images/1136269284869582848/8p5NFuQh_normal.jpg,https://pbs.twimg.com/profile_banners/305818748/1559742608,60th Mayor of Atlanta | Wife & Mommie,,"Atlanta, GA",Thu May 26 20:57:38 +0000 2011,64878,799,https://twitter.com/KP_Taipei,2019-12-24T07:46:23.462Z,Certified
47437206,BrianKempGA,https://twitter.com/BrianKempGA,Brian Kemp,http://pbs.twimg.com/profile_images/849618212501299200/6vxWcbtW_normal.jpg,https://pbs.twimg.com/profile_banners/47437206/1555639923,Georgia's 83rd Governor,https://t.co/8M3bLfXOs2,"Athens, GA",Mon Jun 15 20:36:14 +0000 2009,51069,1991,https://twitter.com/KP_Taipei,2019-12-24T07:46:23.462Z,Certified
976995099170062300,MOFA_Taiwan,https://twitter.com/MOFA_Taiwan,"å¤–äº¤éƒ¨ Ministry of Foreign Affairs, ROC (Taiwan) ğŸ‡¹ğŸ‡¼",http://pbs.twimg.com/profile_images/983536442285543424/qIvnjOTk_normal.jpg,https://pbs.twimg.com/profile_banners/976995099170062338/1559768874,"Welcome to the official account of the Ministry of Foreign Affairs, Republic of China (Taiwan). All tweets initialled JW are by Minister Jaushieh Joseph Wu.",,"Taipei City, Taiwan",Fri Mar 23 01:32:38 +0000 2018,74352,411,https://twitter.com/KP_Taipei,2019-12-24T07:46:23.462Z,Certified
783214,Twitter,https://twitter.com/Twitter,Twitter,http://pbs.twimg.com/profile_images/1111729635610382336/_65QFl7B_normal.png,https://pbs.twimg.com/profile_banners/783214/1556918042,Whatâ€™s happening?!,https://t.co/TAXQpsHa5X,Everywhere,Tue Feb 20 14:35:54 +0000 2007,56875901,7,https://twitter.com/KP_Taipei,2019-12-24T07:46:23.462Z,Certified
2244994945,TwitterDev,https://twitter.com/TwitterDev,Twitter Dev,http://pbs.twimg.com/profile_images/880136122604507136/xHrnqf1T_normal.jpg,https://pbs.twimg.com/profile_banners/2244994945/1498675817,"The voice of Twitter's #DevRel team, and your official source for updates, news, & events about Twitter's API.

Need help? Visit https://t.co/DVDf7qKyS9",https://t.co/3ZX3TNiZCY,127.0.0.1,Sat Dec 14 04:35:55 +0000 2013,506199,1706,https://twitter.com/KP_Taipei,2019-12-24T07:46:23.462Z,Certified
114414972,hightechcampus,https://twitter.com/hightechcampus,High Tech Campus,http://pbs.twimg.com/profile_images/935136911143985154/FAdklZ9p_normal.jpg,https://pbs.twimg.com/profile_banners/114414972/1490790381,"The smartest square kilometer in Europe. An R&D ecosystem of 220 companies and institutes, and 12.000 researchers, developers and entrepreneurs.",https://t.co/npq8tlsuVE,Eindhoven,Mon Feb 15 09:51:20 +0000 2010,12044,2063,https://twitter.com/KP_Taipei,2019-12-24T07:46:23.462Z,Certified
48344528,FISU,https://twitter.com/FISU,FISU,http://pbs.twimg.com/profile_images/988675426422751232/uLkoxBML_normal.jpg,https://pbs.twimg.com/profile_banners/48344528/1573657830,International University Sports Federation ğŸ“ | Governing Body for World University Sport ğŸŒ | @Krasnoyarsk2019 â„ï¸ | @Napoli2019_ita â˜€ï¸ | Instagram: @fisu ğŸ“²,,Lausanne (SUI),Thu Jun 18 13:13:00 +0000 2009,28275,1039,https://twitter.com/KP_Taipei,2019-12-24T07:46:23.462Z,Certified
31697960,FrankctHsieh,https://twitter.com/FrankctHsieh,è¬é•·å»· Frank CT Hsieh,http://pbs.twimg.com/profile_images/622429417990684672/XMYQArwS_normal.jpg,https://pbs.twimg.com/profile_banners/31697960/1437233749,"é§æ—¥ä»£è¡¨,  è‡ºåŒ—é§æ—¥ç¶“æ¿Ÿæ–‡åŒ–ä»£è¡¨è™• å°åŒ—é§æ—¥çµŒæ¸ˆæ–‡åŒ–ä»£è¡¨å‡¦   Representative,  Taipei Economic and Cultural Representative Office in Japan.",https://t.co/DBvcykN8im,,Thu Apr 16 08:52:43 +0000 2009,13418,22,https://twitter.com/KP_Taipei,2019-12-24T07:46:23.462Z,
178973012,norishikata,https://twitter.com/norishikata,Noriyuki SHIKATA,http://pbs.twimg.com/profile_images/1225103991/shikataphoto_normal.jpg,https://pbs.twimg.com/profile_banners/178973012/1566574291,"Program on U.S. Japan Relations, Weatherhead Center for International Affairs, Harvard University. Personal Views.Retweets not endorsement.",https://t.co/n676dH9nWx,"Cambridge, MA",Mon Aug 16 04:48:13 +0000 2010,19719,9243,https://twitter.com/KP_Taipei,2019-12-24T07:46:23.462Z,Certified
738267072250028000,CulturalTaiwan,https://twitter.com/CulturalTaiwan,Ministry of Culture ğŸ‡¹ğŸ‡¼,http://pbs.twimg.com/profile_images/1140942237934616580/bXEvKcWy_normal.png,https://pbs.twimg.com/profile_banners/738267072250028036/1561437358,"Official Twitter feed for cultural news, features, and events from MOC #Taiwan ğŸ‡¹ğŸ‡¼  â€¢ #IslandOfResilience â€¢ #TaiwanCanHelp â€¢ #LoveWon ğŸ³ï¸â€ğŸŒˆ â€¢",https://t.co/ai0QPNDFOw,Taiwan,Thu Jun 02 07:12:41 +0000 2016,15336,349,https://twitter.com/KP_Taipei,2019-12-24T07:46:23.462Z,Certified
133016978,ustaiwan,https://twitter.com/ustaiwan,US-Taiwan Business Council,http://pbs.twimg.com/profile_images/494220309029847040/3wNy_XKe_normal.jpeg,https://pbs.twimg.com/profile_banners/133016978/1406666317,Fostering Business & Trade Relations Between the United States and Taiwan since 1976. Also @taiwandefense.,http://t.co/j0u3APcVhV,"Arlington, Virginia",Wed Apr 14 20:07:20 +0000 2010,3208,203,https://twitter.com/KP_Taipei,2019-12-24T07:46:23.462Z,
7403862,audreyt,https://twitter.com/audreyt,Audrey Tang å”é³³,http://pbs.twimg.com/profile_images/1140067664158527488/SaV92uKY_normal.png,https://pbs.twimg.com/profile_banners/7403862/1548302418,Digital Minister @ Taiwan. */*,https://t.co/aTi7D7bLOQ,audreyt@audreyt.org,Wed Jul 11 14:57:07 +0000 2007,30299,14,https://twitter.com/KP_Taipei,2019-12-24T07:46:23.462Z,Certified
253769656,Evan_Low,https://twitter.com/Evan_Low,Evan Low,http://pbs.twimg.com/profile_images/822378702738599936/n8zEczw5_normal.jpg,https://pbs.twimg.com/profile_banners/253769656/1487051863,"IG:aimhighgetlow , CA Assemblymember, Former Mayor, Co-Chair of the CA Legislative Tech Caucus",https://t.co/3vDThYheoi,"Silicon Valley, California",Thu Feb 17 22:58:09 +0000 2011,11001,1310,https://twitter.com/KP_Taipei,2019-12-24T07:46:23.462Z,Certified
403902656,LianneDalziel,https://twitter.com/LianneDalziel,Lianne Dalziel,http://pbs.twimg.com/profile_images/710219259306061824/CFw0dlzy_normal.jpg,https://pbs.twimg.com/profile_banners/403902656/1455831718,Proud to be the Mayor of Christchurch,https://t.co/pwqvd7PFmY,"Christchurch City, New Zealand",Thu Nov 03 04:52:49 +0000 2011,5646,1955,https://twitter.com/KP_Taipei,2019-12-24T07:46:23.462Z,
397143167,The_WCS_SG,https://twitter.com/The_WCS_SG,World Cities Summit,http://pbs.twimg.com/profile_images/1194561615447769088/szf6TnuC_normal.jpg,https://pbs.twimg.com/profile_banners/397143167/1573640659,"#WCSSG The global platform to address liveable and sustainable city challenges, share integrated urban solutions and forge new partnerships.",https://t.co/X1knv2vcNm,Singapore,Mon Oct 24 09:13:21 +0000 2011,2517,1204,https://twitter.com/KP_Taipei,2019-12-24T07:46:23.462Z,
590152667,Twiplomacy,https://twitter.com/Twiplomacy,Twiplomacy ğŸ¤ ğŸŒ,http://pbs.twimg.com/profile_images/1014089927229919232/G1FZgwkn_normal.jpg,https://pbs.twimg.com/profile_banners/590152667/1530611200,"Advising leaders, governments & international organisations on #DigitalStrategyğŸ¤@BCWGlobal #DigitalDiplomacy study. ğŸ‡ªğŸ‡¸@Twiplomacia ğŸ‡«ğŸ‡·@Twiplomatie DMâœï¸ open",https://t.co/zJyWxMfGIn,"GenÃ¨ve, Suisse",Fri May 25 17:08:20 +0000 2012,61819,5366,https://twitter.com/KP_Taipei,2019-12-24T07:46:23.462Z,Certified
531902335,mtcintaipei,https://twitter.com/mtcintaipei,MTC in Taipei,http://pbs.twimg.com/profile_images/746196448803360774/Zi7hCZwi_normal.jpg,https://pbs.twimg.com/profile_banners/531902335/1467080947,Representative Office in Taipei for the Moscow-Taipei Coordination Commission on Economic and Cultural Cooperation,http://t.co/CnByn5SrIk,"å°åŒ—å¸‚, å°ç£",Wed Mar 21 04:02:35 +0000 2012,267,5,https://twitter.com/KP_Taipei,2019-12-24T07:46:23.462Z,
3789549380,thenewslensintl,https://twitter.com/thenewslensintl,The News Lens International,http://pbs.twimg.com/profile_images/650929243531055104/17AtOZcv_normal.png,https://pbs.twimg.com/profile_banners/3789549380/1447928467,"#Taiwan-based digital media with independent reporting and opinions on politics, business, and culture in Asia-Pacific.",https://t.co/iB803j4DdR,Taiwan,Mon Oct 05 07:00:00 +0000 2015,2977,943,https://twitter.com/KP_Taipei,2019-12-24T07:46:23.462Z,Certified
121371581,Taiwan_Today,https://twitter.com/Taiwan_Today,Taiwan Today,http://pbs.twimg.com/profile_images/642272153962807297/EP4c1vJK_normal.jpg,https://pbs.twimg.com/profile_banners/121371581/1572332979,"Tracking the latest cultural, economic, political and social developments from around Taiwan.  Follows, likes and retweets do not constitute endorsement.",https://t.co/oezCxiDIHv,Taipei City,Tue Mar 09 08:47:11 +0000 2010,27576,245,https://twitter.com/KP_Taipei,2019-12-24T07:46:23.462Z,Certified
67563026,ICRTNews,https://twitter.com/ICRTNews,ICRT News,http://pbs.twimg.com/profile_images/474760452908404737/-tZY4_7h_normal.jpeg,,"Taiwan news and headlines from the news team at ICRT, Taiwan's only English radio station. Follow @ICRT100 for station tweets.",http://t.co/l99vuLNVxR,"Taipei, Taiwan",Fri Aug 21 08:50:19 +0000 2009,6435,65,https://twitter.com/KP_Taipei,2019-12-24T07:46:23.462Z,
869231,japan,https://twitter.com/japan,japan,http://pbs.twimg.com/profile_images/915823829095784448/VSk5XlVc_normal.jpg,https://pbs.twimg.com/profile_banners/869231/1575449208,"This account has been managed by the Government of Japan @JapanGov since March 10, 2015.",,,Sat Mar 10 13:28:19 +0000 2007,203274,96,https://twitter.com/KP_Taipei,2019-12-24T07:46:23.462Z,Certified
1565291311,thenewslens,https://twitter.com/thenewslens,The News Lens,http://pbs.twimg.com/profile_images/1089729616732798976/Tpu3Cx1j_normal.jpg,https://pbs.twimg.com/profile_banners/1565291311/1572596858,The News Lens æ˜¯ä¸€å€‹åª’é«”å¯¦é©—ã€‚å¸Œæœ›èƒ½å¤ æä¾›å¤šå…ƒã€ä¸åŒé¢å‘çš„è§€é»ï¼Œè®“ä¸€å€‹äº‹ä»¶æœ‰ä¸åŒçš„åˆ‡å…¥è§’åº¦ï¼Œä¸¦è®“ç¤¾äº¤ç¶²è·¯ä¸–ä»£çš„ä½¿ç”¨è€…ï¼Œèƒ½å¤ æ›´è¼•é¬†çš„åˆ†äº«ã€è¨è«–å’Œåƒèˆ‡ä»–å€‘æœ‰èˆˆè¶£çš„è­°é¡Œã€‚,,Taiwan,Wed Jul 03 08:54:12 +0000 2013,12992,38,https://twitter.com/KP_Taipei,2019-12-24T07:46:23.462Z,Certified
40813384,TW_nextmedia,https://twitter.com/TW_nextmedia,è˜‹æœæ–°èç¶² Taiwan News,http://pbs.twimg.com/profile_images/1112587213059944449/Rh90ddXN_normal.png,https://pbs.twimg.com/profile_banners/40813384/1564537596,"ç‚ºå°ç£æœ¬åœ°å’Œä¸–ç•Œè¯äººå¸¶ä¾†æœ€æ–°çš„æ–°èå¨›æ¨‚è³‡è¨Šï¼Apple Daily is the largest news media group in Taiwan with live streaming, breaking news and animated news for local and global readers.",https://t.co/atmHp4v8k7,"Taipei, Taiwan ROC",Mon May 18 04:28:58 +0000 2009,955226,205,https://twitter.com/KP_Taipei,2019-12-24T07:46:23.462Z,Certified
276291571,guywittich,https://twitter.com/guywittich,Guy Wittich,http://pbs.twimg.com/profile_images/568770321675591680/8kcq5DeX_normal.jpeg,,"Representative, Netherlands Trade & Investment Office in Taiwan",http://t.co/gZOevxw1c1,"Taipei, Taiwan",Sun Apr 03 02:10:32 +0000 2011,391,355,https://twitter.com/KP_Taipei,2019-12-24T07:46:23.462Z,
1016571882,Taipei_TTO,https://twitter.com/Taipei_TTO,Turkish Trade Office,http://pbs.twimg.com/profile_images/892842842892021760/NP93V-Sw_normal.jpg,https://pbs.twimg.com/profile_banners/1016571882/1459310626,Taipei TÃ¼rk Ticaret Ofisi resmi twitter sayfasÄ± Official Twitter page of Turkish Trade Office in Taipei **NÃ¶betÃ§i telefon bilgisi: +886 965 492 503**,https://t.co/AygcaqXuES,Taipei,Mon Dec 17 03:19:09 +0000 2012,1177,262,https://twitter.com/KP_Taipei,2019-12-24T07:46:23.462Z,
538810018,PLinTaiwan,https://twitter.com/PLinTaiwan,Polish Office in Taipei,http://pbs.twimg.com/profile_images/1045487133191008257/Hm8E_B1Y_normal.jpg,,æ³¢è˜­è‡ºåŒ—è¾¦äº‹è™• - Biuro Polskie w Tajpej,http://t.co/XR40en8mQI,Taipei,Wed Mar 28 07:27:33 +0000 2012,461,45,https://twitter.com/KP_Taipei,2019-12-24T07:46:23.462Z,
313712369,DE_Taiwan,https://twitter.com/DE_Taiwan,German Trade Office,http://pbs.twimg.com/profile_images/560996428651065344/ai2rBeCB_normal.jpeg,https://pbs.twimg.com/profile_banners/313712369/1399282495,"Through our service unit DEinternational Taiwan, the German Trade Office Taipei supports you to develop and expand your business activities in Taiwan & Germany.",http://t.co/Y2QyqA5KGN,Taipei,Thu Jun 09 02:59:57 +0000 2011,1592,729,https://twitter.com/KP_Taipei,2019-12-24T07:46:23.462Z,
182461754,IsraelTaipei,https://twitter.com/IsraelTaipei,Israel in Taipei,http://pbs.twimg.com/profile_images/1140546087205261312/gu6924rD_normal.jpg,,"A Twitter feed dedicated to promoting relations, economic growth and friendship between the State of Israel and Taiwan",https://t.co/z9xsYuIWlj,"Taipei, Taiwan",Tue Aug 24 17:11:33 +0000 2010,3110,23,https://twitter.com/KP_Taipei,2019-12-24T07:46:23.462Z,Certified
278444795,NTIO_Taiwan,https://twitter.com/NTIO_Taiwan,NTIO in Taiwan,http://pbs.twimg.com/profile_images/1303080126/NTIO_SQ_TW_FB_normal.jpg,https://pbs.twimg.com/profile_banners/278444795/1478078989,"Official Twitter channel for Netherlands Trade & Investment Office in Taiwan. 
NTIO represents and promotes all the Dutch interests in Taiwan.",http://t.co/ZkybElJ0T3,"Taipei, Taiwan",Thu Apr 07 08:52:43 +0000 2011,1080,137,https://twitter.com/KP_Taipei,2019-12-24T07:46:23.462Z,
2842936406,AusOfficeTPE,https://twitter.com/AusOfficeTPE,Gary Cowan,http://pbs.twimg.com/profile_images/951269437390307328/RWAGaEUJ_normal.jpg,https://pbs.twimg.com/profile_banners/2842936406/1413518672,"Representative at the Australian Office, Taipei. Consular assistance: (02) 8725 4100 Taiwan or 1300 555 134 Australia.",https://t.co/KST3eTk7HQ,"Taipei, Taiwan",Tue Oct 07 03:30:32 +0000 2014,1792,423,https://twitter.com/KP_Taipei,2019-12-24T07:46:23.462Z,Certified
3289650685,KaohsiungCity,https://twitter.com/KaohsiungCity,Kaohsiung City,http://pbs.twimg.com/profile_images/1088321001560059905/qJSk3Ggx_normal.jpg,https://pbs.twimg.com/profile_banners/3289650685/1575624017,"#Kaohsiung, the biggest city in southern Taiwan, is devoted to the development of tourism facilities related to the ocean, harbor, and river.",https://t.co/dSiALWazc7,"é«˜é›„å¸‚, å°ç£",Fri Jul 24 09:09:25 +0000 2015,60149,408,https://twitter.com/KP_Taipei,2019-12-24T07:46:23.462Z,Certified
423300748,UKinTaiwan,https://twitter.com/UKinTaiwan,UK in Taiwan ğŸ‡¬ğŸ‡§,http://pbs.twimg.com/profile_images/1194880505075785728/lRzw61qr_normal.png,https://pbs.twimg.com/profile_banners/423300748/1531811268,The British Office in Taipei aims to maintain and develop relations between the UK and Taiwan.,https://t.co/zT9nR6SqPi,"Taipei City, Taiwan",Mon Nov 28 10:05:31 +0000 2011,6333,594,https://twitter.com/KP_Taipei,2019-12-24T07:46:23.462Z,Certified
1449728766,TECRO_USA,https://twitter.com/TECRO_USA,Taiwan in the US,http://pbs.twimg.com/profile_images/1070409184905068544/j3t1BC02_normal.jpg,https://pbs.twimg.com/profile_banners/1449728766/1369328004,The Taipei Economic and Cultural Representative Office is the main representative office of the Republic of China (Taiwan) in the U.S. RTs â‰  endorsements.,https://t.co/zw6pBEfrkS,"Washington, D.C.",Wed May 22 19:43:43 +0000 2013,5621,589,https://twitter.com/KP_Taipei,2019-12-24T07:46:23.462Z,Certified
63796828,verified,https://twitter.com/verified,Twitter Verified,http://pbs.twimg.com/profile_images/968232588958560256/IfOqS8l2_normal.jpg,https://pbs.twimg.com/profile_banners/63796828/1519679636,Twitter is working on a new authentication and verification process. Learn more: https://t.co/pJnkJXHSy8,,San Francisco,Fri Aug 07 18:41:45 +0000 2009,2822032,342960,https://twitter.com/KP_Taipei,2019-12-24T07:46:23.462Z,Certified