likesCount,tweetUrl,action,profileUrl,handle,description,name,rtCount
2,https://twitter.com/postimees/status/1282000118359654401,liked,https://www.twitter.com/@argohunt001,@argohunt001,,Argo Hunt,
2,https://twitter.com/postimees/status/1282000118359654401,liked,https://www.twitter.com/@ESTJPNproject,@ESTJPNproject,"ã€Œã‚ˆãåˆ†ã‹ã‚‰ãªã„ã‘ã©åŒ—æ¬§ï¼Ÿã€â€•æ—¥æœ¬ã§ã¯ã“ã†è¨€ã‚ã‚Œã‚‹ã“ã¨ãŒå¤šã„ã‚¨ã‚¹ãƒˆãƒ‹ã‚¢ã€‚

ãã‚“ãªã‚¨ã‚¹ãƒˆãƒ‹ã‚¢ã¨æ—¥æœ¬ã®é–“ã«æ§˜ã€…ãªäº¤æµã®ã‚¨ãƒ”ã‚½ãƒ¼ãƒ‰ãŒã‚ã£ãŸã®ã‚’ã”å­˜ã˜ã§ã™ã‹ï¼Ÿ

å½“ãƒ—ãƒ­ã‚¸ã‚§ã‚¯ãƒˆã¯ã€ã‚¨ã‚¹ãƒˆãƒ‹ã‚¢å…±å’Œå›½å¤–å‹™çœä¸¦ã³ã«åœ¨ã‚¨ã‚¹ãƒˆãƒ‹ã‚¢æ—¥æœ¬å›½å¤§ä½¿é¤¨ã®å…¬èªã§ã€2021å¹´12æœˆã¾ã§ã«æ—¥ã‚¨é–¢ä¿‚å²ã®200å¹´ã‚’ã¾ã¨ã‚ãŸæœ¬ã‚’å‡ºç‰ˆã—ã¾ã™ï¼",ã€ã‚¯ãƒ©ãƒ•ã‚¡ãƒ³å»¶é•·ä¸­ï¼ã€‘ğŸ‡¯ğŸ‡µğŸ‡ªğŸ‡ªã€Œæ—¥æœ¬ãƒ»ã‚¨ã‚¹ãƒˆãƒ‹ã‚¢é–¢ä¿‚å²ã®200å¹´ã€Bookãƒ—ãƒ­ã‚¸ã‚§ã‚¯ãƒˆğŸ“–,
2,https://twitter.com/postimees/status/1281941017369993217,liked,https://www.twitter.com/@argohunt001,@argohunt001,,Argo Hunt,
2,https://twitter.com/postimees/status/1281941017369993217,liked,https://www.twitter.com/@Parem_Lobjakas,@Parem_Lobjakas,Tavaline natsi- kommu- ja kÃµige-muu-totalitaarse-foob.,Madis Lobjakas,
,https://twitter.com/postimees/status/1281926524048990209,RT,https://www.twitter.com/@touhoufucker,@touhoufucker,investor,fresh,1
1,https://twitter.com/postimees/status/1281886697794547714,liked,https://www.twitter.com/@argohunt001,@argohunt001,,Argo Hunt,
1,https://twitter.com/postimees/status/1281605378933960712,liked,https://www.twitter.com/@argohunt001,@argohunt001,,Argo Hunt,
1,https://twitter.com/postimees/status/1281118390334230529,liked,https://www.twitter.com/@Liisa18187968,@Liisa18187968,"EstoniağŸ‡ªğŸ‡ª
2002
Do what you love, love what you doâ¤ï¸",Liisa,
1,https://twitter.com/postimees/status/1280925079405289480,liked,https://www.twitter.com/@argohunt001,@argohunt001,,Argo Hunt,
1,https://twitter.com/postimees/status/1280906814318665729,liked,https://www.twitter.com/@sotsdem,@sotsdem,Sotsiaaldemokraatlik Erakond,Sotsiaaldemokraadid,
2,https://twitter.com/postimees/status/1280893135590240256,liked,https://www.twitter.com/@matrunich,@matrunich,"Data scientist, #floss believer, skydiver",Alexander Matrunich,
2,https://twitter.com/postimees/status/1280893135590240256,liked,https://www.twitter.com/@argohunt001,@argohunt001,,Argo Hunt,
1,https://twitter.com/postimees/status/1280874732007587842,liked,https://www.twitter.com/@Estonian01,@Estonian01,,Maiu Eesti,
1,https://twitter.com/postimees/status/1280868213065232387,liked,https://www.twitter.com/@Heix86093422,@Heix86093422,,Heix,
1,https://twitter.com/postimees/status/1280810831685586946,liked,https://www.twitter.com/@FlixBus_PL,@FlixBus_PL,"WiodÄ…cy w Polsce i Europie operator miÄ™dzymiastowych poÅ‚Ä…czeÅ„ autobusowych, ktÃ³ry od 2013 roku zmienia styl podrÃ³Å¼owania milionÃ³w ludzi ğŸšğŸ‘«â˜€ï¸",FlixBus_PL,
1,https://twitter.com/postimees/status/1280772313391288326,liked,https://www.twitter.com/@AveKarja,@AveKarja,,Ave Karja,
1,https://twitter.com/postimees/status/1280546807869734913,liked,https://www.twitter.com/@GrandelaNelson,@GrandelaNelson,"Vapaaherra, retired person. Streetman`s Estimates about aviation & security policy. Suomen ilmapuolustusmiljardien kÃ¤ytÃ¶n kriittisen tarkastelun nÃ¤kÃ¶kulma.",Kadunmiehen Arvio,
1,https://twitter.com/postimees/status/1280543594462556162,liked,https://www.twitter.com/@argohunt001,@argohunt001,,Argo Hunt,
1,https://twitter.com/postimees/status/1280540445861437440,liked,https://www.twitter.com/@kalev1990,@kalev1990,PhD Candidate in History (researcher of Finnish nationalism) and publicist,Denis Kovaliov,
,https://twitter.com/postimees/status/1280540445861437440,RT,https://www.twitter.com/@est_victory,@est_victory,,Viktor,1
1,https://twitter.com/postimees/status/1280525750815375361,liked,https://www.twitter.com/@AveKarja,@AveKarja,,Ave Karja,
3,https://twitter.com/postimees/status/1280505190207164421,liked,https://www.twitter.com/@svenvarkel,@svenvarkel,Father. Chief Systems Engineer. Singer of Estonian heavy-metal band HERALD. Aficionado of Islay single malts. Hobbyist sourdough baker. #coding #music #baking,Sven Varkel,
3,https://twitter.com/postimees/status/1280505190207164421,liked,https://www.twitter.com/@50ShadesBouncer,@50ShadesBouncer,Sodi Fm Resident DJ,Sass,
3,https://twitter.com/postimees/status/1280505190207164421,liked,https://www.twitter.com/@PPildid,@PPildid,"Kui Sina ei tegele poliitikaga, tegeleb poliitika Sinuga",Poliitilised Pildid,
,https://twitter.com/postimees/status/1280505190207164421,RT,https://www.twitter.com/@svenvarkel,@svenvarkel,Father. Chief Systems Engineer. Singer of Estonian heavy-metal band HERALD. Aficionado of Islay single malts. Hobbyist sourdough baker. #coding #music #baking,Sven Varkel,2
,https://twitter.com/postimees/status/1280505190207164421,RT,https://www.twitter.com/@IwuJuha,@IwuJuha,,juha j h lÃ¤hteenmÃ¤ki,2
1,https://twitter.com/postimees/status/1280477909837402112,liked,https://www.twitter.com/@svenvarkel,@svenvarkel,Father. Chief Systems Engineer. Singer of Estonian heavy-metal band HERALD. Aficionado of Islay single malts. Hobbyist sourdough baker. #coding #music #baking,Sven Varkel,
,https://twitter.com/postimees/status/1280477909837402112,RT,https://www.twitter.com/@svenvarkel,@svenvarkel,Father. Chief Systems Engineer. Singer of Estonian heavy-metal band HERALD. Aficionado of Islay single malts. Hobbyist sourdough baker. #coding #music #baking,Sven Varkel,2
,https://twitter.com/postimees/status/1280477909837402112,RT,https://www.twitter.com/@est_victory,@est_victory,,Viktor,2
1,https://twitter.com/postimees/status/1280392676332929026,liked,https://www.twitter.com/@enemi82463620,@enemi82463620,@AmBarr28352468 | @enem0036 I https://t.co/yQ2QcbFM0g,e,
1,https://twitter.com/postimees/status/1280386567807406080,liked,https://www.twitter.com/@enemi82463620,@enemi82463620,@AmBarr28352468 | @enem0036 I https://t.co/yQ2QcbFM0g,e,
1,https://twitter.com/postimees/status/1280201009634181121,liked,https://www.twitter.com/@argohunt001,@argohunt001,,Argo Hunt,
3,https://twitter.com/postimees/status/1280173787812712453,liked,https://www.twitter.com/@jmoulfrancis,@jmoulfrancis,Officer at @ABHCUK ğŸ‡¦ğŸ‡¬ğŸ‡¬ğŸ‡§ğŸ‡ªğŸ‡ªâ€¢ BA and LLM in EU and Intâ€™l Law â€¢ Commonwealth Scholar â€¢ RTs â‰  Endorsements â€¢ Views are my own â€¢ Blog https://t.co/26VfC8XqZX,J'Moul Francis,
3,https://twitter.com/postimees/status/1280173787812712453,liked,https://www.twitter.com/@argohunt001,@argohunt001,,Argo Hunt,
3,https://twitter.com/postimees/status/1280173787812712453,liked,https://www.twitter.com/@VsCba,@VsCba,https://t.co/VDCHungubm | @1984Vivika | https://t.co/yQ2QcbFM0g,ğŸğŸš’ğŸš¨â˜ï¸âš–ï¸â˜ï¸ğŸ“©ğŸ“¥ğŸ“§,
1,https://twitter.com/postimees/status/1280170903805067264,liked,https://www.twitter.com/@VsCba,@VsCba,https://t.co/VDCHungubm | @1984Vivika | https://t.co/yQ2QcbFM0g,ğŸğŸš’ğŸš¨â˜ï¸âš–ï¸â˜ï¸ğŸ“©ğŸ“¥ğŸ“§,
1,https://twitter.com/postimees/status/1280126808684453889,liked,https://www.twitter.com/@jmlaurio,@jmlaurio,Currently writing two non-fiction books. Cybersec student and looking for a new #infosec job. #tietoturva #maanpuolustus #OSINT,Juha-Matti Laurio,
,https://twitter.com/postimees/status/1280126808684453889,RT,https://www.twitter.com/@LKarppi,@LKarppi,ğŸ¹ğŸ”¡ğŸ“ŠğŸ¬ğŸŒ²ğŸ‘½ğŸƒâ€â™€ï¸,LKarppi,1
1,https://twitter.com/postimees/status/1280122860061757440,liked,https://www.twitter.com/@ViirKaie,@ViirKaie,,Kaie Viir,
1,https://twitter.com/postimees/status/1280096956841410562,liked,https://www.twitter.com/@eetrsnt,@eetrsnt,"Musician from youth (violin+, vocals, composing, choir conducting) 
and entrepreneur (marketing, communications, management) from growth.",Triin,
3,https://twitter.com/postimees/status/1280028229219295232,liked,https://www.twitter.com/@ViirKaie,@ViirKaie,,Kaie Viir,
3,https://twitter.com/postimees/status/1280028229219295232,liked,https://www.twitter.com/@marie_vainumets,@marie_vainumets,HR at TransferWise. Language enthusiast ğŸ‡ªğŸ‡ª ğŸ‡¬ğŸ‡§ ğŸ‡ªğŸ‡¸ ğŸ‡®ğŸ‡¹ BA in Modern European Languages and Cultures.,Marie,
3,https://twitter.com/postimees/status/1280028229219295232,liked,https://www.twitter.com/@kristi_rebane,@kristi_rebane,,Kristi Rebane,
1,https://twitter.com/postimees/status/1279866418624897025,liked,https://www.twitter.com/@itsMeRommy,@itsMeRommy,insta: xorommy ğŸ¦„,ROMMY,
1,https://twitter.com/postimees/status/1279802279386845187,liked,https://www.twitter.com/@SiiM28441527,@SiiM28441527,Kuidas sa kÃ¼ll siia sattusid?,_SiiM_,
1,https://twitter.com/postimees/status/1279783924928065536,liked,https://www.twitter.com/@argohunt001,@argohunt001,,Argo Hunt,
,https://twitter.com/postimees/status/1279131672622108672,RT,https://www.twitter.com/@KarliKelk79,@KarliKelk79,"Filosofian maisteri, baltti ja @ChelseaFC'n fani. Tviitit suomeksi, in English ja eesti keeles. Ajattelen vapaasti, tabuja ei ole. ğŸ˜ğŸ‡«ğŸ‡®ğŸ‡¬ğŸ‡§ğŸ‡ªğŸ‡ªğŸ‡¸ğŸ‡ªğŸ‡®ğŸ‡¹ğŸ‡¬ğŸ‡ª",Karli Kelk,1
1,https://twitter.com/postimees/status/1279070292556632064,liked,https://www.twitter.com/@FedynaViktor,@FedynaViktor,digitally growing dentist,Viktor Fedyna,
1,https://twitter.com/postimees/status/1279055535929688066,liked,https://www.twitter.com/@ESTJPNproject,@ESTJPNproject,"ã€Œã‚ˆãåˆ†ã‹ã‚‰ãªã„ã‘ã©åŒ—æ¬§ï¼Ÿã€â€•æ—¥æœ¬ã§ã¯ã“ã†è¨€ã‚ã‚Œã‚‹ã“ã¨ãŒå¤šã„ã‚¨ã‚¹ãƒˆãƒ‹ã‚¢ã€‚

ãã‚“ãªã‚¨ã‚¹ãƒˆãƒ‹ã‚¢ã¨æ—¥æœ¬ã®é–“ã«æ§˜ã€…ãªäº¤æµã®ã‚¨ãƒ”ã‚½ãƒ¼ãƒ‰ãŒã‚ã£ãŸã®ã‚’ã”å­˜ã˜ã§ã™ã‹ï¼Ÿ

å½“ãƒ—ãƒ­ã‚¸ã‚§ã‚¯ãƒˆã¯ã€ã‚¨ã‚¹ãƒˆãƒ‹ã‚¢å…±å’Œå›½å¤–å‹™çœä¸¦ã³ã«åœ¨ã‚¨ã‚¹ãƒˆãƒ‹ã‚¢æ—¥æœ¬å›½å¤§ä½¿é¤¨ã®å…¬èªã§ã€2021å¹´12æœˆã¾ã§ã«æ—¥ã‚¨é–¢ä¿‚å²ã®200å¹´ã‚’ã¾ã¨ã‚ãŸæœ¬ã‚’å‡ºç‰ˆã—ã¾ã™ï¼",ã€ã‚¯ãƒ©ãƒ•ã‚¡ãƒ³å»¶é•·ä¸­ï¼ã€‘ğŸ‡¯ğŸ‡µğŸ‡ªğŸ‡ªã€Œæ—¥æœ¬ãƒ»ã‚¨ã‚¹ãƒˆãƒ‹ã‚¢é–¢ä¿‚å²ã®200å¹´ã€Bookãƒ—ãƒ­ã‚¸ã‚§ã‚¯ãƒˆğŸ“–,
1,https://twitter.com/postimees/status/1279035935536164866,liked,https://www.twitter.com/@lammashaka,@lammashaka,"Sortoa vastaan. Suomen alkuperÃ¤isasukas. 
Against oppression. Aboriginal Finnish.",Lammashaka ğŸ‡«ğŸ‡®ğŸ‡ªğŸ‡ªğŸ‡®ğŸ‡ª,
1,https://twitter.com/postimees/status/1279003377880502275,liked,https://www.twitter.com/@funkyfreshdays7,@funkyfreshdays7,"Ã¼leharitud siidisuklane, kosmosesÃµdalane, vastutustundetu liberast, sotsiaalrevolutsionÃ¤Ã¤r, elav teemant, elektromagnetiline resonants",Laura L.,
1,https://twitter.com/postimees/status/1278956056090234881,liked,https://www.twitter.com/@Raateri,@Raateri,KTM,Raimo Rajala,
3,https://twitter.com/postimees/status/1278701569165406210,liked,https://www.twitter.com/@SilvaAtTwitta,@SilvaAtTwitta,"Die Welt braucht mehr Sokrates.

Ansonsten irgendwas mit IT.

Listen dienen nur zum Organisieren dieses Chaoshaufens hier",Silva Arnemann,
3,https://twitter.com/postimees/status/1278701569165406210,liked,https://www.twitter.com/@dolgovskaja,@dolgovskaja,,Inna Dolgovskaja,
3,https://twitter.com/postimees/status/1278701569165406210,liked,https://www.twitter.com/@trammijuht2,@trammijuht2,Mulle meeldib teha seeni ja korjata kasse,ğ•ğ•’ğ•œğ• ğ•¡ ğ•‚Ã¤ğ•™ğ•£,
3,https://twitter.com/postimees/status/1278581267127324673,liked,https://www.twitter.com/@argohunt001,@argohunt001,,Argo Hunt,
3,https://twitter.com/postimees/status/1278581267127324673,liked,https://www.twitter.com/@VsCba,@VsCba,https://t.co/VDCHungubm | @1984Vivika | https://t.co/yQ2QcbFM0g,ğŸğŸš’ğŸš¨â˜ï¸âš–ï¸â˜ï¸ğŸ“©ğŸ“¥ğŸ“§,
1,https://twitter.com/postimees/status/1278574578944610306,liked,https://www.twitter.com/@HenriPetman,@HenriPetman,"Dad ,Husband ,Endurojunkie ,motohead",Henri Petman,
1,https://twitter.com/postimees/status/1278402955755114497,liked,https://www.twitter.com/@argohunt001,@argohunt001,,Argo Hunt,
2,https://twitter.com/postimees/status/1278397096966709249,liked,https://www.twitter.com/@meelisko,@meelisko,,Meelis KoitmÃ¤e,
2,https://twitter.com/postimees/status/1278397096966709249,liked,https://www.twitter.com/@argohunt001,@argohunt001,,Argo Hunt,
1,https://twitter.com/postimees/status/1278387315547820032,liked,https://www.twitter.com/@MikaLaunikari,@MikaLaunikari,"Internationally spirited, interculturally oriented & globally minded! A true #European. Lifelong #learning, #career development, int'l mobility. Personal views.",Dr Mika Launikari,
1,https://twitter.com/postimees/status/1278360502188609538,liked,https://www.twitter.com/@VsCba,@VsCba,https://t.co/VDCHungubm | @1984Vivika | https://t.co/yQ2QcbFM0g,ğŸğŸš’ğŸš¨â˜ï¸âš–ï¸â˜ï¸ğŸ“©ğŸ“¥ğŸ“§,
,https://twitter.com/postimees/status/1278263935297355777,RT,https://www.twitter.com/@rahandus,@rahandus,Rahandusministeeriumi ametlik sÃ¤utsla.  Official Twitter account of the Ministry of Finance of the Republic of Estonia.,FinMinEstonia,1
1,https://twitter.com/postimees/status/1278259432288325638,liked,https://www.twitter.com/@AveKarja,@AveKarja,,Ave Karja,
1,https://twitter.com/postimees/status/1277962256727158785,liked,https://www.twitter.com/@svenvarkel,@svenvarkel,Father. Chief Systems Engineer. Singer of Estonian heavy-metal band HERALD. Aficionado of Islay single malts. Hobbyist sourdough baker. #coding #music #baking,Sven Varkel,
,https://twitter.com/postimees/status/1277962256727158785,RT,https://www.twitter.com/@svenvarkel,@svenvarkel,Father. Chief Systems Engineer. Singer of Estonian heavy-metal band HERALD. Aficionado of Islay single malts. Hobbyist sourdough baker. #coding #music #baking,Sven Varkel,1
1,https://twitter.com/postimees/status/1277956108284506112,liked,https://www.twitter.com/@VsCba,@VsCba,https://t.co/VDCHungubm | @1984Vivika | https://t.co/yQ2QcbFM0g,ğŸğŸš’ğŸš¨â˜ï¸âš–ï¸â˜ï¸ğŸ“©ğŸ“¥ğŸ“§,
3,https://twitter.com/postimees/status/1277867604523261953,liked,https://www.twitter.com/@tekkie,@tekkie,CTO at @Savings_Utd. Applying DevOps to solve human problems by code. Contributor & maintainer of various Free and Open Source Software projects.,Ain Tohvri,
3,https://twitter.com/postimees/status/1277867604523261953,liked,https://www.twitter.com/@AasaRaiko,@AasaRaiko,Vaba SÃ¼Ã¼ria!,Raiko Aasa,
3,https://twitter.com/postimees/status/1277867604523261953,liked,https://www.twitter.com/@AinoSiebert,@AinoSiebert,"Deutschland ğŸ‡©ğŸ‡ª Estland ğŸ‡ªğŸ‡ª Finnland ğŸ‡«ğŸ‡® Journalistin/Pressefotografin - Wer in der Demokratie schlÃ¤ft, wird in der Diktatur aufwachen (Udo Lindenberg)",Aino Siebert,
,https://twitter.com/postimees/status/1277867604523261953,RT,https://www.twitter.com/@AasaRaiko,@AasaRaiko,Vaba SÃ¼Ã¼ria!,Raiko Aasa,0
1,https://twitter.com/postimees/status/1277866756472811520,liked,https://www.twitter.com/@xzwjpku,@xzwjpku,,Liang Zhang,
4,https://twitter.com/postimees/status/1277857338293202945,liked,https://www.twitter.com/@argohunt001,@argohunt001,,Argo Hunt,
4,https://twitter.com/postimees/status/1277857338293202945,liked,https://www.twitter.com/@Il_jaa,@Il_jaa,Ğ¡Ñ‚ÑƒĞ´ĞµĞ½Ñ‚ ĞºĞ¾Ğ½ÑĞµÑ€Ğ²Ğ°Ñ‚Ğ¾Ñ€Ğ¸Ğ¸ Ğ¿Ğ¾ ÑĞ¿ĞµÑ†Ğ¸Ğ°Ğ»ÑŒĞ½Ğ¾ÑÑ‚Ğ¸ Ñ…Ğ¾Ñ€Ğ¾Ğ²Ğ¾Ğ¹ Ğ´Ğ¸Ñ€Ğ¸Ğ¶Ñ‘Ñ€. ĞŸĞ¸ÑˆÑƒ Ğ²Ğ¾ĞºĞ°Ğ»ÑŒĞ½Ğ¾-Ñ…Ğ¾Ñ€Ğ¾Ğ²ÑƒÑ Ğ¸ Ğ¾Ñ€ĞºĞµÑÑ‚Ñ€Ğ¾Ğ²ÑƒÑ Ğ¼ÑƒĞ·Ñ‹ĞºÑƒ.,Ilja Gumenyk,
4,https://twitter.com/postimees/status/1277857338293202945,liked,https://www.twitter.com/@lammashaka,@lammashaka,"Sortoa vastaan. Suomen alkuperÃ¤isasukas. 
Against oppression. Aboriginal Finnish.",Lammashaka ğŸ‡«ğŸ‡®ğŸ‡ªğŸ‡ªğŸ‡®ğŸ‡ª,
4,https://twitter.com/postimees/status/1277857338293202945,liked,https://www.twitter.com/@ESTJPNproject,@ESTJPNproject,"ã€Œã‚ˆãåˆ†ã‹ã‚‰ãªã„ã‘ã©åŒ—æ¬§ï¼Ÿã€â€•æ—¥æœ¬ã§ã¯ã“ã†è¨€ã‚ã‚Œã‚‹ã“ã¨ãŒå¤šã„ã‚¨ã‚¹ãƒˆãƒ‹ã‚¢ã€‚

ãã‚“ãªã‚¨ã‚¹ãƒˆãƒ‹ã‚¢ã¨æ—¥æœ¬ã®é–“ã«æ§˜ã€…ãªäº¤æµã®ã‚¨ãƒ”ã‚½ãƒ¼ãƒ‰ãŒã‚ã£ãŸã®ã‚’ã”å­˜ã˜ã§ã™ã‹ï¼Ÿ

å½“ãƒ—ãƒ­ã‚¸ã‚§ã‚¯ãƒˆã¯ã€ã‚¨ã‚¹ãƒˆãƒ‹ã‚¢å…±å’Œå›½å¤–å‹™çœä¸¦ã³ã«åœ¨ã‚¨ã‚¹ãƒˆãƒ‹ã‚¢æ—¥æœ¬å›½å¤§ä½¿é¤¨ã®å…¬èªã§ã€2021å¹´12æœˆã¾ã§ã«æ—¥ã‚¨é–¢ä¿‚å²ã®200å¹´ã‚’ã¾ã¨ã‚ãŸæœ¬ã‚’å‡ºç‰ˆã—ã¾ã™ï¼",ã€ã‚¯ãƒ©ãƒ•ã‚¡ãƒ³å»¶é•·ä¸­ï¼ã€‘ğŸ‡¯ğŸ‡µğŸ‡ªğŸ‡ªã€Œæ—¥æœ¬ãƒ»ã‚¨ã‚¹ãƒˆãƒ‹ã‚¢é–¢ä¿‚å²ã®200å¹´ã€Bookãƒ—ãƒ­ã‚¸ã‚§ã‚¯ãƒˆğŸ“–,
2,https://twitter.com/postimees/status/1277847063838031875,liked,https://www.twitter.com/@Il_jaa,@Il_jaa,Ğ¡Ñ‚ÑƒĞ´ĞµĞ½Ñ‚ ĞºĞ¾Ğ½ÑĞµÑ€Ğ²Ğ°Ñ‚Ğ¾Ñ€Ğ¸Ğ¸ Ğ¿Ğ¾ ÑĞ¿ĞµÑ†Ğ¸Ğ°Ğ»ÑŒĞ½Ğ¾ÑÑ‚Ğ¸ Ñ…Ğ¾Ñ€Ğ¾Ğ²Ğ¾Ğ¹ Ğ´Ğ¸Ñ€Ğ¸Ğ¶Ñ‘Ñ€. ĞŸĞ¸ÑˆÑƒ Ğ²Ğ¾ĞºĞ°Ğ»ÑŒĞ½Ğ¾-Ñ…Ğ¾Ñ€Ğ¾Ğ²ÑƒÑ Ğ¸ Ğ¾Ñ€ĞºĞµÑÑ‚Ñ€Ğ¾Ğ²ÑƒÑ Ğ¼ÑƒĞ·Ñ‹ĞºÑƒ.,Ilja Gumenyk,
2,https://twitter.com/postimees/status/1277847063838031875,liked,https://www.twitter.com/@ESTJPNproject,@ESTJPNproject,"ã€Œã‚ˆãåˆ†ã‹ã‚‰ãªã„ã‘ã©åŒ—æ¬§ï¼Ÿã€â€•æ—¥æœ¬ã§ã¯ã“ã†è¨€ã‚ã‚Œã‚‹ã“ã¨ãŒå¤šã„ã‚¨ã‚¹ãƒˆãƒ‹ã‚¢ã€‚

ãã‚“ãªã‚¨ã‚¹ãƒˆãƒ‹ã‚¢ã¨æ—¥æœ¬ã®é–“ã«æ§˜ã€…ãªäº¤æµã®ã‚¨ãƒ”ã‚½ãƒ¼ãƒ‰ãŒã‚ã£ãŸã®ã‚’ã”å­˜ã˜ã§ã™ã‹ï¼Ÿ

å½“ãƒ—ãƒ­ã‚¸ã‚§ã‚¯ãƒˆã¯ã€ã‚¨ã‚¹ãƒˆãƒ‹ã‚¢å…±å’Œå›½å¤–å‹™çœä¸¦ã³ã«åœ¨ã‚¨ã‚¹ãƒˆãƒ‹ã‚¢æ—¥æœ¬å›½å¤§ä½¿é¤¨ã®å…¬èªã§ã€2021å¹´12æœˆã¾ã§ã«æ—¥ã‚¨é–¢ä¿‚å²ã®200å¹´ã‚’ã¾ã¨ã‚ãŸæœ¬ã‚’å‡ºç‰ˆã—ã¾ã™ï¼",ã€ã‚¯ãƒ©ãƒ•ã‚¡ãƒ³å»¶é•·ä¸­ï¼ã€‘ğŸ‡¯ğŸ‡µğŸ‡ªğŸ‡ªã€Œæ—¥æœ¬ãƒ»ã‚¨ã‚¹ãƒˆãƒ‹ã‚¢é–¢ä¿‚å²ã®200å¹´ã€Bookãƒ—ãƒ­ã‚¸ã‚§ã‚¯ãƒˆğŸ“–,
2,https://twitter.com/postimees/status/1277822820429561857,liked,https://www.twitter.com/@ojapoiss19,@ojapoiss19,The basis of optimism is sheer terror,Inimeme,
2,https://twitter.com/postimees/status/1277822820429561857,liked,https://www.twitter.com/@argohunt001,@argohunt001,,Argo Hunt,
1,https://twitter.com/postimees/status/1277649530796888068,liked,https://www.twitter.com/@VsCba,@VsCba,https://t.co/VDCHungubm | @1984Vivika | https://t.co/yQ2QcbFM0g,ğŸğŸš’ğŸš¨â˜ï¸âš–ï¸â˜ï¸ğŸ“©ğŸ“¥ğŸ“§,
2,https://twitter.com/postimees/status/1277648893124190210,liked,https://www.twitter.com/@argohunt001,@argohunt001,,Argo Hunt,
2,https://twitter.com/postimees/status/1277648893124190210,liked,https://www.twitter.com/@VsCba,@VsCba,https://t.co/VDCHungubm | @1984Vivika | https://t.co/yQ2QcbFM0g,ğŸğŸš’ğŸš¨â˜ï¸âš–ï¸â˜ï¸ğŸ“©ğŸ“¥ğŸ“§,
1,https://twitter.com/postimees/status/1277631687225217025,liked,https://www.twitter.com/@argohunt001,@argohunt001,,Argo Hunt,
,https://twitter.com/postimees/status/1277512641775312897,RT,https://www.twitter.com/@svenvarkel,@svenvarkel,Father. Chief Systems Engineer. Singer of Estonian heavy-metal band HERALD. Aficionado of Islay single malts. Hobbyist sourdough baker. #coding #music #baking,Sven Varkel,1
1,https://twitter.com/postimees/status/1277454496910770182,liked,https://www.twitter.com/@VsCba,@VsCba,https://t.co/VDCHungubm | @1984Vivika | https://t.co/yQ2QcbFM0g,ğŸğŸš’ğŸš¨â˜ï¸âš–ï¸â˜ï¸ğŸ“©ğŸ“¥ğŸ“§,
1,https://twitter.com/postimees/status/1277344619534090240,liked,https://www.twitter.com/@VsCba,@VsCba,https://t.co/VDCHungubm | @1984Vivika | https://t.co/yQ2QcbFM0g,ğŸğŸš’ğŸš¨â˜ï¸âš–ï¸â˜ï¸ğŸ“©ğŸ“¥ğŸ“§,
2,https://twitter.com/postimees/status/1277276248197214209,liked,https://www.twitter.com/@KarliKelk79,@KarliKelk79,"Filosofian maisteri, baltti ja @ChelseaFC'n fani. Tviitit suomeksi, in English ja eesti keeles. Ajattelen vapaasti, tabuja ei ole. ğŸ˜ğŸ‡«ğŸ‡®ğŸ‡¬ğŸ‡§ğŸ‡ªğŸ‡ªğŸ‡¸ğŸ‡ªğŸ‡®ğŸ‡¹ğŸ‡¬ğŸ‡ª",Karli Kelk,
2,https://twitter.com/postimees/status/1277276248197214209,liked,https://www.twitter.com/@argohunt001,@argohunt001,,Argo Hunt,
,https://twitter.com/postimees/status/1277276248197214209,RT,https://www.twitter.com/@KarliKelk79,@KarliKelk79,"Filosofian maisteri, baltti ja @ChelseaFC'n fani. Tviitit suomeksi, in English ja eesti keeles. Ajattelen vapaasti, tabuja ei ole. ğŸ˜ğŸ‡«ğŸ‡®ğŸ‡¬ğŸ‡§ğŸ‡ªğŸ‡ªğŸ‡¸ğŸ‡ªğŸ‡®ğŸ‡¹ğŸ‡¬ğŸ‡ª",Karli Kelk,1
1,https://twitter.com/postimees/status/1277256027419873286,liked,https://www.twitter.com/@Liisa18187968,@Liisa18187968,"EstoniağŸ‡ªğŸ‡ª
2002
Do what you love, love what you doâ¤ï¸",Liisa,
,https://twitter.com/postimees/status/1277256027419873286,RT,https://www.twitter.com/@Liisa18187968,@Liisa18187968,"EstoniağŸ‡ªğŸ‡ª
2002
Do what you love, love what you doâ¤ï¸",Liisa,1
1,https://twitter.com/postimees/status/1277242897021181954,liked,https://www.twitter.com/@touhoufucker,@touhoufucker,investor,fresh,
,https://twitter.com/postimees/status/1277242897021181954,RT,https://www.twitter.com/@touhoufucker,@touhoufucker,investor,fresh,0
2,https://twitter.com/postimees/status/1277198019981725696,liked,https://www.twitter.com/@argohunt001,@argohunt001,,Argo Hunt,
2,https://twitter.com/postimees/status/1277198019981725696,liked,https://www.twitter.com/@Il_jaa,@Il_jaa,Ğ¡Ñ‚ÑƒĞ´ĞµĞ½Ñ‚ ĞºĞ¾Ğ½ÑĞµÑ€Ğ²Ğ°Ñ‚Ğ¾Ñ€Ğ¸Ğ¸ Ğ¿Ğ¾ ÑĞ¿ĞµÑ†Ğ¸Ğ°Ğ»ÑŒĞ½Ğ¾ÑÑ‚Ğ¸ Ñ…Ğ¾Ñ€Ğ¾Ğ²Ğ¾Ğ¹ Ğ´Ğ¸Ñ€Ğ¸Ğ¶Ñ‘Ñ€. ĞŸĞ¸ÑˆÑƒ Ğ²Ğ¾ĞºĞ°Ğ»ÑŒĞ½Ğ¾-Ñ…Ğ¾Ñ€Ğ¾Ğ²ÑƒÑ Ğ¸ Ğ¾Ñ€ĞºĞµÑÑ‚Ñ€Ğ¾Ğ²ÑƒÑ Ğ¼ÑƒĞ·Ñ‹ĞºÑƒ.,Ilja Gumenyk,
1,https://twitter.com/postimees/status/1277193733755240459,liked,https://www.twitter.com/@VsCba,@VsCba,https://t.co/VDCHungubm | @1984Vivika | https://t.co/yQ2QcbFM0g,ğŸğŸš’ğŸš¨â˜ï¸âš–ï¸â˜ï¸ğŸ“©ğŸ“¥ğŸ“§,
,https://twitter.com/postimees/status/1277193733755240459,RT,https://www.twitter.com/@hrkodanik,@hrkodanik,"make grammatical mistakes. cross country skiing fan. PhD student @_uow, soon @unitartu. researching Kierkegaard, theology and education.",igor,1
,https://twitter.com/postimees/status/1277179211317460995,RT,https://www.twitter.com/@IwuJuha,@IwuJuha,,juha j h lÃ¤hteenmÃ¤ki,2
,https://twitter.com/postimees/status/1277179211317460995,RT,https://www.twitter.com/@Liisa18187968,@Liisa18187968,"EstoniağŸ‡ªğŸ‡ª
2002
Do what you love, love what you doâ¤ï¸",Liisa,2
2,https://twitter.com/postimees/status/1277175043156566016,liked,https://www.twitter.com/@argohunt001,@argohunt001,,Argo Hunt,
2,https://twitter.com/postimees/status/1277175043156566016,liked,https://www.twitter.com/@VsCba,@VsCba,https://t.co/VDCHungubm | @1984Vivika | https://t.co/yQ2QcbFM0g,ğŸğŸš’ğŸš¨â˜ï¸âš–ï¸â˜ï¸ğŸ“©ğŸ“¥ğŸ“§,
2,https://twitter.com/postimees/status/1277120008531968001,liked,https://www.twitter.com/@argohunt001,@argohunt001,,Argo Hunt,
2,https://twitter.com/postimees/status/1277120008531968001,liked,https://www.twitter.com/@Alex46775115,@Alex46775115,,Alex,
2,https://twitter.com/postimees/status/1276891918732005382,liked,https://www.twitter.com/@argohunt001,@argohunt001,,Argo Hunt,
2,https://twitter.com/postimees/status/1276891918732005382,liked,https://www.twitter.com/@VsCba,@VsCba,https://t.co/VDCHungubm | @1984Vivika | https://t.co/yQ2QcbFM0g,ğŸğŸš’ğŸš¨â˜ï¸âš–ï¸â˜ï¸ğŸ“©ğŸ“¥ğŸ“§,
,https://twitter.com/postimees/status/1276871112232710146,RT,https://www.twitter.com/@KarliKelk79,@KarliKelk79,"Filosofian maisteri, baltti ja @ChelseaFC'n fani. Tviitit suomeksi, in English ja eesti keeles. Ajattelen vapaasti, tabuja ei ole. ğŸ˜ğŸ‡«ğŸ‡®ğŸ‡¬ğŸ‡§ğŸ‡ªğŸ‡ªğŸ‡¸ğŸ‡ªğŸ‡®ğŸ‡¹ğŸ‡¬ğŸ‡ª",Karli Kelk,1
1,https://twitter.com/postimees/status/1276843163777449984,liked,https://www.twitter.com/@ASaaretalu,@ASaaretalu,,Andi Saaretalu,
1,https://twitter.com/postimees/status/1276808667149582336,liked,https://www.twitter.com/@HirmusHenrik,@HirmusHenrik,Call me a empathetic cynic,Henrik Vollmer,
,https://twitter.com/postimees/status/1276808667149582336,RT,https://www.twitter.com/@pykalisto_pasi,@pykalisto_pasi,Hyyh15 & KyO,Pasi PykÃ¤listÃ¶,1
1,https://twitter.com/postimees/status/1276562351643332610,liked,https://www.twitter.com/@argohunt001,@argohunt001,,Argo Hunt,
1,https://twitter.com/postimees/status/1276541651415109632,liked,https://www.twitter.com/@argohunt001,@argohunt001,,Argo Hunt,
1,https://twitter.com/postimees/status/1276509346936094720,liked,https://www.twitter.com/@mikusmeets,@mikusmeets,"[born immigrant/refugee family, raised white colonial culture] he:him",MÃ¯ku SmeetsğŸ¥¯ğŸ¦ğŸšˆ,
2,https://twitter.com/postimees/status/1276493186593107968,liked,https://www.twitter.com/@JuneYourTech,@JuneYourTech,"ĞœĞ°Ñ€Ñ‚ ĞĞ¿Ñ€ĞµĞ»ĞµĞ²Ğ¸Ñ‡ ĞœĞ°ĞµĞ². â€¢ A strange combo of a typical Slashdotter, Dustin Kudlick, Eli Wallace, Sid Fernwilter, Gir and Gaz. â€¢ The repairs. â€¢ I make userstyles.",JuneYourTech (he/him) ğŸ³ï¸â€ğŸŒˆğŸ‡ªğŸ‡ªğŸ‡ªğŸ‡º,
2,https://twitter.com/postimees/status/1276493186593107968,liked,https://www.twitter.com/@argohunt001,@argohunt001,,Argo Hunt,
,https://twitter.com/postimees/status/1276493186593107968,RT,https://www.twitter.com/@JuneYourTech,@JuneYourTech,"ĞœĞ°Ñ€Ñ‚ ĞĞ¿Ñ€ĞµĞ»ĞµĞ²Ğ¸Ñ‡ ĞœĞ°ĞµĞ². â€¢ A strange combo of a typical Slashdotter, Dustin Kudlick, Eli Wallace, Sid Fernwilter, Gir and Gaz. â€¢ The repairs. â€¢ I make userstyles.",JuneYourTech (he/him) ğŸ³ï¸â€ğŸŒˆğŸ‡ªğŸ‡ªğŸ‡ªğŸ‡º,1
,https://twitter.com/postimees/status/1276409575223242752,RT,https://www.twitter.com/@svenvarkel,@svenvarkel,Father. Chief Systems Engineer. Singer of Estonian heavy-metal band HERALD. Aficionado of Islay single malts. Hobbyist sourdough baker. #coding #music #baking,Sven Varkel,1
1,https://twitter.com/postimees/status/1276397479475458055,liked,https://www.twitter.com/@DEBrozina,@DEBrozina,"#Cinematographer, #producer, and #director. Help companies with #contentstrategy and #story consulting. Unskilled #surfer and good #cook the rest of the time.",Deborah Brozina,
3,https://twitter.com/postimees/status/1276396380681129984,liked,https://www.twitter.com/@DEBrozina,@DEBrozina,"#Cinematographer, #producer, and #director. Help companies with #contentstrategy and #story consulting. Unskilled #surfer and good #cook the rest of the time.",Deborah Brozina,
3,https://twitter.com/postimees/status/1276396380681129984,liked,https://www.twitter.com/@cell_thinker,@cell_thinker,"The name says it all....or does it?
Beginner animator, Film fan, 
               Youtube channel: https://t.co/sKwm9jm3zAâ€¦",ThinkerCell,
1,https://twitter.com/postimees/status/1276358834613870592,liked,https://www.twitter.com/@PPildid,@PPildid,"Kui Sina ei tegele poliitikaga, tegeleb poliitika Sinuga",Poliitilised Pildid,
1,https://twitter.com/postimees/status/1276353489501855744,liked,https://www.twitter.com/@DEBrozina,@DEBrozina,"#Cinematographer, #producer, and #director. Help companies with #contentstrategy and #story consulting. Unskilled #surfer and good #cook the rest of the time.",Deborah Brozina,
1,https://twitter.com/postimees/status/1276180545878339585,liked,https://www.twitter.com/@AveKarja,@AveKarja,,Ave Karja,
2,https://twitter.com/postimees/status/1276093748854865925,liked,https://www.twitter.com/@Liia64241960,@Liia64241960,wierd,Liia,
1,https://twitter.com/postimees/status/1276087893761630214,liked,https://www.twitter.com/@LV_Estonia,@LV_Estonia,Embassy of Latvia in Estonia. RT not endorsement,Latvia in Estonia,
,https://twitter.com/postimees/status/1276087893761630214,RT,https://www.twitter.com/@LV_Estonia,@LV_Estonia,Embassy of Latvia in Estonia. RT not endorsement,Latvia in Estonia,1
2,https://twitter.com/postimees/status/1276068299202322432,liked,https://www.twitter.com/@FedynaViktor,@FedynaViktor,digitally growing dentist,Viktor Fedyna,
2,https://twitter.com/postimees/status/1276068299202322432,liked,https://www.twitter.com/@haluuksturpaan,@haluuksturpaan,"Suorasanainen, hÃ¤rski, vÃ¤hÃ¤n likainen ja muiden mielestÃ¤ mielenvikainen.",Eetu,
,https://twitter.com/postimees/status/1276041364581617664,RT,https://www.twitter.com/@IwuJuha,@IwuJuha,,juha j h lÃ¤hteenmÃ¤ki,1
1,https://twitter.com/postimees/status/1276001087435177984,liked,https://www.twitter.com/@mtamm85,@mtamm85,,Marten Tamm,
1,https://twitter.com/postimees/status/1275851840572268545,liked,https://www.twitter.com/@argohunt001,@argohunt001,,Argo Hunt,
1,https://twitter.com/postimees/status/1275826868172849153,liked,https://www.twitter.com/@AveKarja,@AveKarja,,Ave Karja,
1,https://twitter.com/postimees/status/1275819690753957889,liked,https://www.twitter.com/@chernobylworke1,@chernobylworke1,"The only month  i can say this, I Am Bi",chernobylworker,
2,https://twitter.com/postimees/status/1275799283263049728,liked,https://www.twitter.com/@AveKarja,@AveKarja,,Ave Karja,
1,https://twitter.com/postimees/status/1275751246360649730,liked,https://www.twitter.com/@thedreamerkelly,@thedreamerkelly,20 ğŸ¥‚,Kelly,
2,https://twitter.com/postimees/status/1275694734485467136,liked,https://www.twitter.com/@DEBrozina,@DEBrozina,"#Cinematographer, #producer, and #director. Help companies with #contentstrategy and #story consulting. Unskilled #surfer and good #cook the rest of the time.",Deborah Brozina,
2,https://twitter.com/postimees/status/1275694734485467136,liked,https://www.twitter.com/@trammijuht2,@trammijuht2,Mulle meeldib teha seeni ja korjata kasse,ğ•ğ•’ğ•œğ• ğ•¡ ğ•‚Ã¤ğ•™ğ•£,
,https://twitter.com/postimees/status/1275542804253552640,RT,https://www.twitter.com/@JanaArdan,@JanaArdan,"â¤ï¸ğŸ’â¤ï¸ğŸ˜˜ Husband @___SLASH_____
22. 
Guns â€˜Nâ€™ RosesğŸ”«ğŸ”«ğŸŒ¹SMKC,   SLASH,  ğŸğŸ©â˜ ï¸! US/UK /EST horror, guitars ,sport, rock, tattoos, animals â¤ï¸â˜ ï¸ğŸ¦–ğŸ‡ªğŸ‡ªğŸ‡ºğŸ‡¸ğŸ‡¬ğŸ‡§ğŸµ",â™¥ï¸J à¸„ à¸  à¸„â™¥ï¸ğŸ©ğŸ¤˜ğŸ¼ğŸ¤Ÿ 100000000% Rocker,1
1,https://twitter.com/postimees/status/1275508184455708674,liked,https://www.twitter.com/@mikalallukka,@mikalallukka,"CEO, Cimson HenkilÃ¶stÃ¶palvelut Oy @cimsonhp Valokuvauksen, rotaryn ja ilmailun harrastaja. PerheenisÃ¤. @HPL_liitto hallituksen jÃ¤sen. IG: @mikalallukka",Mika Lallukka,
,https://twitter.com/postimees/status/1275508184455708674,RT,https://www.twitter.com/@mikalallukka,@mikalallukka,"CEO, Cimson HenkilÃ¶stÃ¶palvelut Oy @cimsonhp Valokuvauksen, rotaryn ja ilmailun harrastaja. PerheenisÃ¤. @HPL_liitto hallituksen jÃ¤sen. IG: @mikalallukka",Mika Lallukka,1
5,https://twitter.com/postimees/status/1275354510093889536,liked,https://www.twitter.com/@dionisio68,@dionisio68,Kirkkohistorian opiskelija (HY) ja huippu-urheilun tutkija. Valokuvaaja ja kestÃ¤vyysjuoksija. Rakkain urheiluseura Sporting Clube de Portugal.,pekka rantakari,
5,https://twitter.com/postimees/status/1275354510093889536,liked,https://www.twitter.com/@argohunt001,@argohunt001,,Argo Hunt,
5,https://twitter.com/postimees/status/1275354510093889536,liked,https://www.twitter.com/@AveKarja,@AveKarja,,Ave Karja,
5,https://twitter.com/postimees/status/1275354510093889536,liked,https://www.twitter.com/@VsCba,@VsCba,https://t.co/VDCHungubm | @1984Vivika | https://t.co/yQ2QcbFM0g,ğŸğŸš’ğŸš¨â˜ï¸âš–ï¸â˜ï¸ğŸ“©ğŸ“¥ğŸ“§,
5,https://twitter.com/postimees/status/1275354510093889536,liked,https://www.twitter.com/@haluuksturpaan,@haluuksturpaan,"Suorasanainen, hÃ¤rski, vÃ¤hÃ¤n likainen ja muiden mielestÃ¤ mielenvikainen.",Eetu,
,https://twitter.com/postimees/status/1275354510093889536,RT,https://www.twitter.com/@dionisio68,@dionisio68,Kirkkohistorian opiskelija (HY) ja huippu-urheilun tutkija. Valokuvaaja ja kestÃ¤vyysjuoksija. Rakkain urheiluseura Sporting Clube de Portugal.,pekka rantakari,2
,https://twitter.com/postimees/status/1275354510093889536,RT,https://www.twitter.com/@KarliKelk79,@KarliKelk79,"Filosofian maisteri, baltti ja @ChelseaFC'n fani. Tviitit suomeksi, in English ja eesti keeles. Ajattelen vapaasti, tabuja ei ole. ğŸ˜ğŸ‡«ğŸ‡®ğŸ‡¬ğŸ‡§ğŸ‡ªğŸ‡ªğŸ‡¸ğŸ‡ªğŸ‡®ğŸ‡¹ğŸ‡¬ğŸ‡ª",Karli Kelk,2
1,https://twitter.com/postimees/status/1275351853727956992,liked,https://www.twitter.com/@VsCba,@VsCba,https://t.co/VDCHungubm | @1984Vivika | https://t.co/yQ2QcbFM0g,ğŸğŸš’ğŸš¨â˜ï¸âš–ï¸â˜ï¸ğŸ“©ğŸ“¥ğŸ“§,
,https://twitter.com/postimees/status/1275325201669029890,RT,https://www.twitter.com/@vonPeterhof,@vonPeterhof,Anarcho-pessimist and aspiring polyglot. ä»•äº‹ã§ç¿»è¨³ãƒ»é€šè¨³ãªã©ã‚„ã£ã¦ã¾ã™ã€‚è¶£å‘³ã§ã‚¢ãƒ‹ãƒ¡ã®ä½œç”»ã«è©³ã—ã„æŒ¯ã‚Šã‚’ã‚„ã£ã¦ã¾ã™ï¼ˆç¬‘ï¼‰,Vadim,1
2,https://twitter.com/postimees/status/1275314174244139009,liked,https://www.twitter.com/@AveKarja,@AveKarja,,Ave Karja,
2,https://twitter.com/postimees/status/1275314174244139009,liked,https://www.twitter.com/@dagnarrr,@dagnarrr,ğŸ‡ªğŸ‡ªğŸ‡ªğŸ‡ªğŸ‡ªğŸ‡ª,dagnar,
1,https://twitter.com/postimees/status/1275308719249723392,liked,https://www.twitter.com/@VsCba,@VsCba,https://t.co/VDCHungubm | @1984Vivika | https://t.co/yQ2QcbFM0g,ğŸğŸš’ğŸš¨â˜ï¸âš–ï¸â˜ï¸ğŸ“©ğŸ“¥ğŸ“§,
2,https://twitter.com/postimees/status/1275293219379720193,liked,https://www.twitter.com/@dionisio68,@dionisio68,Kirkkohistorian opiskelija (HY) ja huippu-urheilun tutkija. Valokuvaaja ja kestÃ¤vyysjuoksija. Rakkain urheiluseura Sporting Clube de Portugal.,pekka rantakari,
2,https://twitter.com/postimees/status/1275293219379720193,liked,https://www.twitter.com/@KarliKelk79,@KarliKelk79,"Filosofian maisteri, baltti ja @ChelseaFC'n fani. Tviitit suomeksi, in English ja eesti keeles. Ajattelen vapaasti, tabuja ei ole. ğŸ˜ğŸ‡«ğŸ‡®ğŸ‡¬ğŸ‡§ğŸ‡ªğŸ‡ªğŸ‡¸ğŸ‡ªğŸ‡®ğŸ‡¹ğŸ‡¬ğŸ‡ª",Karli Kelk,
,https://twitter.com/postimees/status/1275293219379720193,RT,https://www.twitter.com/@KarliKelk79,@KarliKelk79,"Filosofian maisteri, baltti ja @ChelseaFC'n fani. Tviitit suomeksi, in English ja eesti keeles. Ajattelen vapaasti, tabuja ei ole. ğŸ˜ğŸ‡«ğŸ‡®ğŸ‡¬ğŸ‡§ğŸ‡ªğŸ‡ªğŸ‡¸ğŸ‡ªğŸ‡®ğŸ‡¹ğŸ‡¬ğŸ‡ª",Karli Kelk,0
2,https://twitter.com/postimees/status/1275186009043603457,liked,https://www.twitter.com/@AveKarja,@AveKarja,,Ave Karja,
1,https://twitter.com/postimees/status/1275122285440118787,liked,https://www.twitter.com/@Malexander,@Malexander,"""It is nice to be important, but it's more important to be nice"" - John Templeton",malexander,
3,https://twitter.com/postimees/status/1275088841943257088,liked,https://www.twitter.com/@Estonian01,@Estonian01,,Maiu Eesti,
3,https://twitter.com/postimees/status/1275088841943257088,liked,https://www.twitter.com/@argohunt001,@argohunt001,,Argo Hunt,
3,https://twitter.com/postimees/status/1275088841943257088,liked,https://www.twitter.com/@AveKarja,@AveKarja,,Ave Karja,
2,https://twitter.com/postimees/status/1274373757377875969,liked,https://www.twitter.com/@Liisa18187968,@Liisa18187968,"EstoniağŸ‡ªğŸ‡ª
2002
Do what you love, love what you doâ¤ï¸",Liisa,
2,https://twitter.com/postimees/status/1274373757377875969,liked,https://www.twitter.com/@ESTJPNproject,@ESTJPNproject,"ã€Œã‚ˆãåˆ†ã‹ã‚‰ãªã„ã‘ã©åŒ—æ¬§ï¼Ÿã€â€•æ—¥æœ¬ã§ã¯ã“ã†è¨€ã‚ã‚Œã‚‹ã“ã¨ãŒå¤šã„ã‚¨ã‚¹ãƒˆãƒ‹ã‚¢ã€‚

ãã‚“ãªã‚¨ã‚¹ãƒˆãƒ‹ã‚¢ã¨æ—¥æœ¬ã®é–“ã«æ§˜ã€…ãªäº¤æµã®ã‚¨ãƒ”ã‚½ãƒ¼ãƒ‰ãŒã‚ã£ãŸã®ã‚’ã”å­˜ã˜ã§ã™ã‹ï¼Ÿ

å½“ãƒ—ãƒ­ã‚¸ã‚§ã‚¯ãƒˆã¯ã€ã‚¨ã‚¹ãƒˆãƒ‹ã‚¢å…±å’Œå›½å¤–å‹™çœä¸¦ã³ã«åœ¨ã‚¨ã‚¹ãƒˆãƒ‹ã‚¢æ—¥æœ¬å›½å¤§ä½¿é¤¨ã®å…¬èªã§ã€2021å¹´12æœˆã¾ã§ã«æ—¥ã‚¨é–¢ä¿‚å²ã®200å¹´ã‚’ã¾ã¨ã‚ãŸæœ¬ã‚’å‡ºç‰ˆã—ã¾ã™ï¼",ã€ã‚¯ãƒ©ãƒ•ã‚¡ãƒ³å»¶é•·ä¸­ï¼ã€‘ğŸ‡¯ğŸ‡µğŸ‡ªğŸ‡ªã€Œæ—¥æœ¬ãƒ»ã‚¨ã‚¹ãƒˆãƒ‹ã‚¢é–¢ä¿‚å²ã®200å¹´ã€Bookãƒ—ãƒ­ã‚¸ã‚§ã‚¯ãƒˆğŸ“–,
,https://twitter.com/postimees/status/1274373757377875969,RT,https://www.twitter.com/@Liisa18187968,@Liisa18187968,"EstoniağŸ‡ªğŸ‡ª
2002
Do what you love, love what you doâ¤ï¸",Liisa,1
2,https://twitter.com/postimees/status/1274371139079409664,liked,https://www.twitter.com/@argohunt001,@argohunt001,,Argo Hunt,
2,https://twitter.com/postimees/status/1274371139079409664,liked,https://www.twitter.com/@VsCba,@VsCba,https://t.co/VDCHungubm | @1984Vivika | https://t.co/yQ2QcbFM0g,ğŸğŸš’ğŸš¨â˜ï¸âš–ï¸â˜ï¸ğŸ“©ğŸ“¥ğŸ“§,
1,https://twitter.com/postimees/status/1274359608560271362,liked,https://www.twitter.com/@ylokukk,@ylokukk,,Ãœlo Kukk,
2,https://twitter.com/postimees/status/1274047405424590849,liked,https://www.twitter.com/@Malexander,@Malexander,"""It is nice to be important, but it's more important to be nice"" - John Templeton",malexander,
2,https://twitter.com/postimees/status/1274047405424590849,liked,https://www.twitter.com/@argohunt001,@argohunt001,,Argo Hunt,
1,https://twitter.com/postimees/status/1273997931645984772,liked,https://www.twitter.com/@63Kostas,@63Kostas,"ĞºĞ¾Ğ»ÑÑ‡ÑƒÑ Ğ¿Ñ€Ğ¾Ğ²Ğ¾Ğ»ĞºÑƒ Ğ¿Ñ€Ğ¸Ğ´ÑƒĞ¼Ğ°Ğ»Ğ¸ Ğ½Ğµ Ğ´Ğ»Ñ Ñ‚Ğ¾Ğ³Ğ¾ ,  Ñ‡Ñ‚Ğ¾Ğ±Ñ‹ Ğ·Ğ°Ñ‰Ğ¸Ñ‰Ğ°Ñ‚ÑŒ Ğ¾Ğ²ĞµÑ† Ğ¾Ñ‚ Ğ²Ğ¾Ğ»ĞºĞ¾Ğ² . Ğ²Ğ¾Ğ»ĞºĞ° Ğ¾Ğ½Ğ° Ğ½Ğµ Ğ¾ÑÑ‚Ğ°Ğ½Ğ¾Ğ²Ğ¸Ñ‚ . Ğ¾Ğ½Ğ° ÑĞ»ÑƒĞ¶Ğ¸Ñ‚ Ğ´Ğ»Ñ Ñ‚Ğ¾Ğ³Ğ¾ , Ñ‡Ñ‚Ğ¾Ğ±Ñ‹ Ğ¾Ğ²Ñ†Ñ‹ Ğ½Ğµ Ñ€Ğ°Ğ·Ğ±ĞµĞ¶Ğ°Ğ»Ğ¸ÑÑŒ.(Ñ)",ğŸš¢Dyrektor plaÅ¼yğŸ–ï¸ğŸŒˆ,
,https://twitter.com/postimees/status/1273997931645984772,RT,https://www.twitter.com/@63Kostas,@63Kostas,"ĞºĞ¾Ğ»ÑÑ‡ÑƒÑ Ğ¿Ñ€Ğ¾Ğ²Ğ¾Ğ»ĞºÑƒ Ğ¿Ñ€Ğ¸Ğ´ÑƒĞ¼Ğ°Ğ»Ğ¸ Ğ½Ğµ Ğ´Ğ»Ñ Ñ‚Ğ¾Ğ³Ğ¾ ,  Ñ‡Ñ‚Ğ¾Ğ±Ñ‹ Ğ·Ğ°Ñ‰Ğ¸Ñ‰Ğ°Ñ‚ÑŒ Ğ¾Ğ²ĞµÑ† Ğ¾Ñ‚ Ğ²Ğ¾Ğ»ĞºĞ¾Ğ² . Ğ²Ğ¾Ğ»ĞºĞ° Ğ¾Ğ½Ğ° Ğ½Ğµ Ğ¾ÑÑ‚Ğ°Ğ½Ğ¾Ğ²Ğ¸Ñ‚ . Ğ¾Ğ½Ğ° ÑĞ»ÑƒĞ¶Ğ¸Ñ‚ Ğ´Ğ»Ñ Ñ‚Ğ¾Ğ³Ğ¾ , Ñ‡Ñ‚Ğ¾Ğ±Ñ‹ Ğ¾Ğ²Ñ†Ñ‹ Ğ½Ğµ Ñ€Ğ°Ğ·Ğ±ĞµĞ¶Ğ°Ğ»Ğ¸ÑÑŒ.(Ñ)",ğŸš¢Dyrektor plaÅ¼yğŸ–ï¸ğŸŒˆ,1
1,https://twitter.com/postimees/status/1273961920111009792,liked,https://www.twitter.com/@TOjakaar,@TOjakaar,"Researcher & Student in Cognitive Neuroscience @brognition
@OxExpPsy, University of Oxford",Triin OjakÃ¤Ã¤r,
4,https://twitter.com/postimees/status/1273955559314796544,liked,https://www.twitter.com/@KarliKelk79,@KarliKelk79,"Filosofian maisteri, baltti ja @ChelseaFC'n fani. Tviitit suomeksi, in English ja eesti keeles. Ajattelen vapaasti, tabuja ei ole. ğŸ˜ğŸ‡«ğŸ‡®ğŸ‡¬ğŸ‡§ğŸ‡ªğŸ‡ªğŸ‡¸ğŸ‡ªğŸ‡®ğŸ‡¹ğŸ‡¬ğŸ‡ª",Karli Kelk,
4,https://twitter.com/postimees/status/1273955559314796544,liked,https://www.twitter.com/@RihoTerras,@RihoTerras,Member of European Parliament @EPPGroup ğŸ‡ªğŸ‡ª @EP_Industry and @EP_Agriculture. Former Chief of Defence of Estonia.,Riho Terras,
4,https://twitter.com/postimees/status/1273955559314796544,liked,https://www.twitter.com/@AveKarja,@AveKarja,,Ave Karja,
,https://twitter.com/postimees/status/1273955559314796544,RT,https://www.twitter.com/@KarliKelk79,@KarliKelk79,"Filosofian maisteri, baltti ja @ChelseaFC'n fani. Tviitit suomeksi, in English ja eesti keeles. Ajattelen vapaasti, tabuja ei ole. ğŸ˜ğŸ‡«ğŸ‡®ğŸ‡¬ğŸ‡§ğŸ‡ªğŸ‡ªğŸ‡¸ğŸ‡ªğŸ‡®ğŸ‡¹ğŸ‡¬ğŸ‡ª",Karli Kelk,1
,https://twitter.com/postimees/status/1273927126870261763,RT,https://www.twitter.com/@KarliKelk79,@KarliKelk79,"Filosofian maisteri, baltti ja @ChelseaFC'n fani. Tviitit suomeksi, in English ja eesti keeles. Ajattelen vapaasti, tabuja ei ole. ğŸ˜ğŸ‡«ğŸ‡®ğŸ‡¬ğŸ‡§ğŸ‡ªğŸ‡ªğŸ‡¸ğŸ‡ªğŸ‡®ğŸ‡¹ğŸ‡¬ğŸ‡ª",Karli Kelk,1
1,https://twitter.com/postimees/status/1273901136987250688,liked,https://www.twitter.com/@Liisa18187968,@Liisa18187968,"EstoniağŸ‡ªğŸ‡ª
2002
Do what you love, love what you doâ¤ï¸",Liisa,
,https://twitter.com/postimees/status/1273901136987250688,RT,https://www.twitter.com/@Liisa18187968,@Liisa18187968,"EstoniağŸ‡ªğŸ‡ª
2002
Do what you love, love what you doâ¤ï¸",Liisa,1
,https://twitter.com/postimees/status/1273892303938166784,RT,https://www.twitter.com/@Kamikaze1derer,@Kamikaze1derer,é…’ãƒ»ç”·ãƒ»ãƒ¡ã‚¿ãƒ«,åŒå¿—ãƒœãƒ¼ã‚¯@ğŸ‡ªğŸ‡ª,1
3,https://twitter.com/postimees/status/1273838615538348032,liked,https://www.twitter.com/@DEBrozina,@DEBrozina,"#Cinematographer, #producer, and #director. Help companies with #contentstrategy and #story consulting. Unskilled #surfer and good #cook the rest of the time.",Deborah Brozina,
3,https://twitter.com/postimees/status/1273838615538348032,liked,https://www.twitter.com/@SinuRiigiKaitse,@SinuRiigiKaitse,Riigikaitse ja julgeoleku teadmiskeskus / Ğ¦ĞµĞ½Ñ‚Ñ€ Ğ¸Ğ½Ñ„Ğ¾Ñ€Ğ¼Ğ°Ñ†Ğ¸Ğ¸ Ğ¾ Ğ±ĞµĞ·Ğ¾Ğ¿Ğ°ÑĞ½Ğ¾ÑÑ‚Ğ¸ Ğ¸ Ğ¾Ğ±Ğ¾Ñ€Ğ¾Ğ½Ğµ (Ğ­ÑÑ‚Ğ¾Ğ½Ğ¸Ñ) / National Centre for Defence & Security Awareness (NCDSA),Sinu Riigi Kaitse,
3,https://twitter.com/postimees/status/1273838615538348032,liked,https://www.twitter.com/@Liia64241960,@Liia64241960,wierd,Liia,
1,https://twitter.com/postimees/status/1273615191603740672,liked,https://www.twitter.com/@ESTJPNproject,@ESTJPNproject,"ã€Œã‚ˆãåˆ†ã‹ã‚‰ãªã„ã‘ã©åŒ—æ¬§ï¼Ÿã€â€•æ—¥æœ¬ã§ã¯ã“ã†è¨€ã‚ã‚Œã‚‹ã“ã¨ãŒå¤šã„ã‚¨ã‚¹ãƒˆãƒ‹ã‚¢ã€‚

ãã‚“ãªã‚¨ã‚¹ãƒˆãƒ‹ã‚¢ã¨æ—¥æœ¬ã®é–“ã«æ§˜ã€…ãªäº¤æµã®ã‚¨ãƒ”ã‚½ãƒ¼ãƒ‰ãŒã‚ã£ãŸã®ã‚’ã”å­˜ã˜ã§ã™ã‹ï¼Ÿ

å½“ãƒ—ãƒ­ã‚¸ã‚§ã‚¯ãƒˆã¯ã€ã‚¨ã‚¹ãƒˆãƒ‹ã‚¢å…±å’Œå›½å¤–å‹™çœä¸¦ã³ã«åœ¨ã‚¨ã‚¹ãƒˆãƒ‹ã‚¢æ—¥æœ¬å›½å¤§ä½¿é¤¨ã®å…¬èªã§ã€2021å¹´12æœˆã¾ã§ã«æ—¥ã‚¨é–¢ä¿‚å²ã®200å¹´ã‚’ã¾ã¨ã‚ãŸæœ¬ã‚’å‡ºç‰ˆã—ã¾ã™ï¼",ã€ã‚¯ãƒ©ãƒ•ã‚¡ãƒ³å»¶é•·ä¸­ï¼ã€‘ğŸ‡¯ğŸ‡µğŸ‡ªğŸ‡ªã€Œæ—¥æœ¬ãƒ»ã‚¨ã‚¹ãƒˆãƒ‹ã‚¢é–¢ä¿‚å²ã®200å¹´ã€Bookãƒ—ãƒ­ã‚¸ã‚§ã‚¯ãƒˆğŸ“–,
2,https://twitter.com/postimees/status/1273609307540672512,liked,https://www.twitter.com/@RihoTerras,@RihoTerras,Member of European Parliament @EPPGroup ğŸ‡ªğŸ‡ª @EP_Industry and @EP_Agriculture. Former Chief of Defence of Estonia.,Riho Terras,
2,https://twitter.com/postimees/status/1273609307540672512,liked,https://www.twitter.com/@ESTJPNproject,@ESTJPNproject,"ã€Œã‚ˆãåˆ†ã‹ã‚‰ãªã„ã‘ã©åŒ—æ¬§ï¼Ÿã€â€•æ—¥æœ¬ã§ã¯ã“ã†è¨€ã‚ã‚Œã‚‹ã“ã¨ãŒå¤šã„ã‚¨ã‚¹ãƒˆãƒ‹ã‚¢ã€‚

ãã‚“ãªã‚¨ã‚¹ãƒˆãƒ‹ã‚¢ã¨æ—¥æœ¬ã®é–“ã«æ§˜ã€…ãªäº¤æµã®ã‚¨ãƒ”ã‚½ãƒ¼ãƒ‰ãŒã‚ã£ãŸã®ã‚’ã”å­˜ã˜ã§ã™ã‹ï¼Ÿ

å½“ãƒ—ãƒ­ã‚¸ã‚§ã‚¯ãƒˆã¯ã€ã‚¨ã‚¹ãƒˆãƒ‹ã‚¢å…±å’Œå›½å¤–å‹™çœä¸¦ã³ã«åœ¨ã‚¨ã‚¹ãƒˆãƒ‹ã‚¢æ—¥æœ¬å›½å¤§ä½¿é¤¨ã®å…¬èªã§ã€2021å¹´12æœˆã¾ã§ã«æ—¥ã‚¨é–¢ä¿‚å²ã®200å¹´ã‚’ã¾ã¨ã‚ãŸæœ¬ã‚’å‡ºç‰ˆã—ã¾ã™ï¼",ã€ã‚¯ãƒ©ãƒ•ã‚¡ãƒ³å»¶é•·ä¸­ï¼ã€‘ğŸ‡¯ğŸ‡µğŸ‡ªğŸ‡ªã€Œæ—¥æœ¬ãƒ»ã‚¨ã‚¹ãƒˆãƒ‹ã‚¢é–¢ä¿‚å²ã®200å¹´ã€Bookãƒ—ãƒ­ã‚¸ã‚§ã‚¯ãƒˆğŸ“–,
,https://twitter.com/postimees/status/1273564319477829634,RT,https://www.twitter.com/@IwuJuha,@IwuJuha,,juha j h lÃ¤hteenmÃ¤ki,0
6,https://twitter.com/postimees/status/1273545020935680001,liked,https://www.twitter.com/@svenvarkel,@svenvarkel,Father. Chief Systems Engineer. Singer of Estonian heavy-metal band HERALD. Aficionado of Islay single malts. Hobbyist sourdough baker. #coding #music #baking,Sven Varkel,
6,https://twitter.com/postimees/status/1273545020935680001,liked,https://www.twitter.com/@IwuJuha,@IwuJuha,,juha j h lÃ¤hteenmÃ¤ki,
6,https://twitter.com/postimees/status/1273545020935680001,liked,https://www.twitter.com/@JanaArdan,@JanaArdan,"â¤ï¸ğŸ’â¤ï¸ğŸ˜˜ Husband @___SLASH_____
22. 
Guns â€˜Nâ€™ RosesğŸ”«ğŸ”«ğŸŒ¹SMKC,   SLASH,  ğŸğŸ©â˜ ï¸! US/UK /EST horror, guitars ,sport, rock, tattoos, animals â¤ï¸â˜ ï¸ğŸ¦–ğŸ‡ªğŸ‡ªğŸ‡ºğŸ‡¸ğŸ‡¬ğŸ‡§ğŸµ",â™¥ï¸J à¸„ à¸  à¸„â™¥ï¸ğŸ©ğŸ¤˜ğŸ¼ğŸ¤Ÿ 100000000% Rocker,
6,https://twitter.com/postimees/status/1273545020935680001,liked,https://www.twitter.com/@GrandelaNelson,@GrandelaNelson,"Vapaaherra, retired person. Streetman`s Estimates about aviation & security policy. Suomen ilmapuolustusmiljardien kÃ¤ytÃ¶n kriittisen tarkastelun nÃ¤kÃ¶kulma.",Kadunmiehen Arvio,
6,https://twitter.com/postimees/status/1273545020935680001,liked,https://www.twitter.com/@SinuRiigiKaitse,@SinuRiigiKaitse,Riigikaitse ja julgeoleku teadmiskeskus / Ğ¦ĞµĞ½Ñ‚Ñ€ Ğ¸Ğ½Ñ„Ğ¾Ñ€Ğ¼Ğ°Ñ†Ğ¸Ğ¸ Ğ¾ Ğ±ĞµĞ·Ğ¾Ğ¿Ğ°ÑĞ½Ğ¾ÑÑ‚Ğ¸ Ğ¸ Ğ¾Ğ±Ğ¾Ñ€Ğ¾Ğ½Ğµ (Ğ­ÑÑ‚Ğ¾Ğ½Ğ¸Ñ) / National Centre for Defence & Security Awareness (NCDSA),Sinu Riigi Kaitse,
6,https://twitter.com/postimees/status/1273545020935680001,liked,https://www.twitter.com/@AveKarja,@AveKarja,,Ave Karja,
,https://twitter.com/postimees/status/1273545020935680001,RT,https://www.twitter.com/@IwuJuha,@IwuJuha,,juha j h lÃ¤hteenmÃ¤ki,1
1,https://twitter.com/postimees/status/1273540678971260928,liked,https://www.twitter.com/@AveKarja,@AveKarja,,Ave Karja,
1,https://twitter.com/postimees/status/1273533603566231553,liked,https://www.twitter.com/@svenvarkel,@svenvarkel,Father. Chief Systems Engineer. Singer of Estonian heavy-metal band HERALD. Aficionado of Islay single malts. Hobbyist sourdough baker. #coding #music #baking,Sven Varkel,
,https://twitter.com/postimees/status/1273533603566231553,RT,https://www.twitter.com/@svenvarkel,@svenvarkel,Father. Chief Systems Engineer. Singer of Estonian heavy-metal band HERALD. Aficionado of Islay single malts. Hobbyist sourdough baker. #coding #music #baking,Sven Varkel,1
1,https://twitter.com/postimees/status/1273515973719580672,liked,https://www.twitter.com/@SinuRiigiKaitse,@SinuRiigiKaitse,Riigikaitse ja julgeoleku teadmiskeskus / Ğ¦ĞµĞ½Ñ‚Ñ€ Ğ¸Ğ½Ñ„Ğ¾Ñ€Ğ¼Ğ°Ñ†Ğ¸Ğ¸ Ğ¾ Ğ±ĞµĞ·Ğ¾Ğ¿Ğ°ÑĞ½Ğ¾ÑÑ‚Ğ¸ Ğ¸ Ğ¾Ğ±Ğ¾Ñ€Ğ¾Ğ½Ğµ (Ğ­ÑÑ‚Ğ¾Ğ½Ğ¸Ñ) / National Centre for Defence & Security Awareness (NCDSA),Sinu Riigi Kaitse,
2,https://twitter.com/postimees/status/1273321904607318020,liked,https://www.twitter.com/@KarliKelk79,@KarliKelk79,"Filosofian maisteri, baltti ja @ChelseaFC'n fani. Tviitit suomeksi, in English ja eesti keeles. Ajattelen vapaasti, tabuja ei ole. ğŸ˜ğŸ‡«ğŸ‡®ğŸ‡¬ğŸ‡§ğŸ‡ªğŸ‡ªğŸ‡¸ğŸ‡ªğŸ‡®ğŸ‡¹ğŸ‡¬ğŸ‡ª",Karli Kelk,
2,https://twitter.com/postimees/status/1273321904607318020,liked,https://www.twitter.com/@liish18,@liish18,,liish,
,https://twitter.com/postimees/status/1273321904607318020,RT,https://www.twitter.com/@KarliKelk79,@KarliKelk79,"Filosofian maisteri, baltti ja @ChelseaFC'n fani. Tviitit suomeksi, in English ja eesti keeles. Ajattelen vapaasti, tabuja ei ole. ğŸ˜ğŸ‡«ğŸ‡®ğŸ‡¬ğŸ‡§ğŸ‡ªğŸ‡ªğŸ‡¸ğŸ‡ªğŸ‡®ğŸ‡¹ğŸ‡¬ğŸ‡ª",Karli Kelk,1
1,https://twitter.com/postimees/status/1273139959969517569,liked,https://www.twitter.com/@argohunt001,@argohunt001,,Argo Hunt,
,https://twitter.com/postimees/status/1273099097923358720,RT,https://www.twitter.com/@IwuJuha,@IwuJuha,,juha j h lÃ¤hteenmÃ¤ki,1
1,https://twitter.com/postimees/status/1273098156255870978,liked,https://www.twitter.com/@argohunt001,@argohunt001,,Argo Hunt,
1,https://twitter.com/postimees/status/1272933243550142470,liked,https://www.twitter.com/@argohunt001,@argohunt001,,Argo Hunt,
7,https://twitter.com/postimees/status/1272845022707224576,liked,https://www.twitter.com/@neptuunium,@neptuunium,Siin ma seisan ja teisiti ma ei saa. // Stud. @unitartu,Mihkel,
7,https://twitter.com/postimees/status/1272845022707224576,liked,https://www.twitter.com/@ylokukk,@ylokukk,,Ãœlo Kukk,
7,https://twitter.com/postimees/status/1272845022707224576,liked,https://www.twitter.com/@JanaArdan,@JanaArdan,"â¤ï¸ğŸ’â¤ï¸ğŸ˜˜ Husband @___SLASH_____
22. 
Guns â€˜Nâ€™ RosesğŸ”«ğŸ”«ğŸŒ¹SMKC,   SLASH,  ğŸğŸ©â˜ ï¸! US/UK /EST horror, guitars ,sport, rock, tattoos, animals â¤ï¸â˜ ï¸ğŸ¦–ğŸ‡ªğŸ‡ªğŸ‡ºğŸ‡¸ğŸ‡¬ğŸ‡§ğŸµ",â™¥ï¸J à¸„ à¸  à¸„â™¥ï¸ğŸ©ğŸ¤˜ğŸ¼ğŸ¤Ÿ 100000000% Rocker,
7,https://twitter.com/postimees/status/1272845022707224576,liked,https://www.twitter.com/@GrandelaNelson,@GrandelaNelson,"Vapaaherra, retired person. Streetman`s Estimates about aviation & security policy. Suomen ilmapuolustusmiljardien kÃ¤ytÃ¶n kriittisen tarkastelun nÃ¤kÃ¶kulma.",Kadunmiehen Arvio,
7,https://twitter.com/postimees/status/1272845022707224576,liked,https://www.twitter.com/@argohunt001,@argohunt001,,Argo Hunt,
7,https://twitter.com/postimees/status/1272845022707224576,liked,https://www.twitter.com/@Liisa18187968,@Liisa18187968,"EstoniağŸ‡ªğŸ‡ª
2002
Do what you love, love what you doâ¤ï¸",Liisa,
7,https://twitter.com/postimees/status/1272845022707224576,liked,https://www.twitter.com/@Sigrid51153006,@Sigrid51153006,,Sigrid,
1,https://twitter.com/postimees/status/1272829147610517506,liked,https://www.twitter.com/@argohunt001,@argohunt001,,Argo Hunt,
1,https://twitter.com/postimees/status/1272824622250110981,liked,https://www.twitter.com/@argohunt001,@argohunt001,,Argo Hunt,
,https://twitter.com/postimees/status/1272824622250110981,RT,https://www.twitter.com/@IwuJuha,@IwuJuha,,juha j h lÃ¤hteenmÃ¤ki,1
1,https://twitter.com/postimees/status/1272802850486312960,liked,https://www.twitter.com/@argohunt001,@argohunt001,,Argo Hunt,
1,https://twitter.com/postimees/status/1272794208097763329,liked,https://www.twitter.com/@Liisa18187968,@Liisa18187968,"EstoniağŸ‡ªğŸ‡ª
2002
Do what you love, love what you doâ¤ï¸",Liisa,
,https://twitter.com/postimees/status/1272794208097763329,RT,https://www.twitter.com/@Liisa18187968,@Liisa18187968,"EstoniağŸ‡ªğŸ‡ª
2002
Do what you love, love what you doâ¤ï¸",Liisa,0